Blog_160886-12595823.10	Blog_160886-12595823.10.14	go down into NT PH	why is 11 a KoP?			
Blog_160886-12595823.16	Blog_160886-12595823.16.2	?	error?			
Blog_160886-12595823.18	Blog_160886-12595823.18.2	promote verkligheten		when a non-terminal, just go down?	1	Non-terminal head
Blog_160886-12595823.21	Blog_160886-12595823.21.5	go down		when coord, use secedge and promote SP to the verb or MD to noun?	2	shared dependents
Blog_160886-11338599.1	Blog_160886-11338599.1.6	go down				
Blog_160886-11338599.1	Blog_160886-11338599.1.5	go down				
Blog_160886-11338599.3	Blog_160886-11338599.3.3	promote första	error? No HD, no secedge	if not error, promote smth	3	elided head in NP
Blog_160886-11338599.4	Blog_160886-11338599.4.6	go down				
Blog_160886-11338599.6	Blog_160886-11338599.6.5	?	why not coordination of (på julafton och inte)			
Blog_160886-11338599.9	Blog_160886-11338599.9.6	?	MD+MD	pick the leftmost item, but what kind of relation? Keep MD in this case	4	no verb
Blog_160886-11338599.9	Blog_160886-11338599.9.1					
Blog_160886-11338557.1	Blog_160886-11338557.1.10					
Blog_160886-11338557.7	Blog_160886-11338557.7.4					
Blog_160886-11338557.11	Blog_160886-11338557.11.6					
Blog_160886-11338557.12	Blog_160886-11338557.12.6					
Blog_160886-12591771.4	Blog_160886-12591771.4.7					
Blog_160886-12591771.9c	Blog_160886-12591771.9.8					
Blog_160886-11338497.1a	Blog_160886-11338497.1.5					
Blog_160886-11338497.2	Blog_160886-11338497.2.5					
Blog_160886-11338497.10	Blog_160886-11338497.10.11					
Blog_160886-11338497.10	Blog_160886-11338497.10.6					
Blog_160886-11338497.21	Blog_160886-11338497.21.nt.16					
Blog_160886-11338497.21	Blog_160886-11338497.21.10					
Blog_188519-10179826.5	Blog_188519-10179826.5.6					
Blog_188519-10179826.11	Blog_188519-10179826.11.9					
Blog_188519-10179826.17	Blog_188519-10179826.17.8					
Blog_188519-10179826.41	Blog_188519-10179826.41.6					
Blog_188519-10179826.44	Blog_188519-10179826.44.2					
Blog_188519-10542620.15	Blog_188519-10542620.15.12					
Blog_188519-10542620.18	Blog_188519-10542620.18.13					
Blog_188519-10542620.24	Blog_188519-10542620.24.9					
Blog_188519-10542620.34	Blog_188519-10542620.34.5					
Blog_188519-10542620.36	Blog_188519-10542620.36.7					
Blog_13263-144355.2	Blog_13263-144355.2.9					
Blog_13263-144355.2	Blog_13263-144355.2.4					
Blog_13263-144355.2	Blog_13263-144355.2.3					
Blog_13263-144355.3	Blog_13263-144355.3.20					
Blog_13263-144355.3	Blog_13263-144355.3.4					
Blog_13263-144355.3	Blog_13263-144355.3.2					
Blog_13263-144355.3	Blog_13263-144355.3.3					
Blog_13263-1168055.5	Blog_13263-1168055.5.9					
Blog_13263-1168055.5	Blog_13263-1168055.5.12					
Blog_13263-255637.2	Blog_13263-255637.2.7					
Blog_13263-255637.2	Blog_13263-255637.2.6					
Blog_13263-637462.4	Blog_13263-637462.4.1					
Blog_13263-862913.2	Blog_13263-862913.2.4					
Blog_13263-862913.3	Blog_13263-862913.3.3					
Blog_13263-213331.3	Blog_13263-213331.3.6					
Blog_13263-213331.3	Blog_13263-213331.3.3					
Blog_13263-85629.2	Blog_13263-85629.2.3					
Blog_13263-1049139.1	Blog_13263-1049139.1.19					
Blog_13263-813010.3	Blog_13263-813010.3.4					
Blog_13263-691527.3	Blog_13263-691527.3.10					
Blog_13263-728008.1	Blog_13263-728008.1.7					
Blog_13263-596973.2	Blog_13263-596973.2.5					
Blog_13263-1087147.3	Blog_13263-1087147.3.13					
Blog_13263-236413.2	Blog_13263-236413.2.14					
Blog_13263-236413.2	Blog_13263-236413.2.12					
Blog_13263-236413.2	Blog_13263-236413.2.1					
Blog_13263-313966.1	Blog_13263-313966.1.9					
Blog_13263-313966.1	Blog_13263-313966.1.11					
Blog_13263-24167.2	Blog_13263-24167.2.1					
Blog_13263-24167.3	Blog_13263-24167.3.10					
Blog_13263-24167.3	Blog_13263-24167.3.9					
Blog_13263-513530.1	Blog_13263-513530.1.18					
Blog_13263-513530.1	Blog_13263-513530.1.25					
Blog_13263-513530.4	Blog_13263-513530.4.9					
Blog_13263-1216693.2	Blog_13263-1216693.2.6					
Blog_13263-1216693.2	Blog_13263-1216693.2.2					
Blog_13263-1216693.2	Blog_13263-1216693.2.10					
Blog_13263-1216693.2	Blog_13263-1216693.2.7					
Blog_12325-1398819.5	Blog_12325-1398819.5.2					
Blog_12325-1398819.5	Blog_12325-1398819.5.1					
Blog_12325-1398819.18	Blog_12325-1398819.18.11					
Blog_12325-1398819.18	Blog_12325-1398819.18.6					
Blog_12325-1398819.25	Blog_12325-1398819.25.6					
Blog_12325-1398819.27a	Blog_12325-1398819.27a.6					
Blog_12325-2172538.10	Blog_12325-2172538.10.4					
Blog_12325-2172538.10	Blog_12325-2172538.10.3					
Blog_12325-1621221.1c	Blog_12325-1621221.1c.nt.12					
Blog_12325-1621221.3a	Blog_12325-1621221.3a.nt.10					
Blog_12325-1621221.4	Blog_12325-1621221.4.nt.13					
Blog_12325-1621221.4	Blog_12325-1621221.4.nt.14					
Blog_12325-2413172.1	Blog_12325-2413172.1.1					
Blog_12325-2413172.7	Blog_12325-2413172.7.16					
Blog_12325-2413172.12	Blog_12325-2413172.12.7					
Blog_12325-2413172.13	Blog_12325-2413172.13.14					
Blog_12325-2413172.13	Blog_12325-2413172.13.10					
Blog_12325-2413172.16	Blog_12325-2413172.16.3					
Blog_12325-2413172.19	Blog_12325-2413172.19.nt.9					
Blog_12325-2413172.20	Blog_12325-2413172.20.nt.7					
Blog_12325-2413172.23	Blog_12325-2413172.23.nt.3					
Blog_12325-1884438.1	Blog_12325-1884438.1.3					
Blog_12325-1884438.6	Blog_12325-1884438.6.10					
Blog_12325-1884438.14	Blog_12325-1884438.14.1					
Blog_12325-1884438.15	Blog_12325-1884438.15.10					
Blog_12325-1884438.15	Blog_12325-1884438.15.nt.13					
Blog_12325-1189192.1a	Blog_12325-1189192.1a.nt.1					
Blog_12325-1189192.3	Blog_12325-1189192.3.11					
Blog_12325-1189192.5	Blog_12325-1189192.5.nt.1					
Blog_12325-1189192.5a	Blog_12325-1189192.5a.nt.2					
Blog_12325-1189192.6	Blog_12325-1189192.6.12					
Blog_12325-1189192.6	Blog_12325-1189192.6.10					
Blog_12325-1189192.9	Blog_12325-1189192.9.nt.5					
Blog_12325-1189192.9	Blog_12325-1189192.9.2					
Blog_12325-1189192.10	Blog_12325-1189192.10.15					
Blog_12325-1189192.11	Blog_12325-1189192.11.12					
Blog_12325-1189192.13	Blog_12325-1189192.13.18					
Blog_12325-1189192.13	Blog_12325-1189192.13.7					
Blog_26224-3394076.1	Blog_26224-3394076.1.1					
Blog_26224-1714803.1	Blog_26224-1714803.1.6					
Blog_26224-1714803.1	Blog_26224-1714803.1.2					
Blog_26224-1714803.1	Blog_26224-1714803.1.5					
Blog_26224-1714803.5	Blog_26224-1714803.5.1					
Blog_26224-1042486.1	Blog_26224-1042486.1.6					
Blog_265827-14454547.14	Blog_265827-14454547.14.2					
Blog_265827-14454547.20	Blog_265827-14454547.20.1					
Blog_265827-14844249.3	Blog_265827-14844249.3.6					
Blog_265827-15106309.6	Blog_265827-15106309.6.nt.6					
Blog_265827-14653745.1	Blog_265827-14653745.1.5					
Blog_265827-14989915.2	Blog_265827-14989915.2.7					
Blog_265827-15165011.1	Blog_265827-15165011.1.nt.10					
Blog_265827-15165011.1	Blog_265827-15165011.1.nt.9					
Blog_265827-14454566.3	Blog_265827-14454566.3.4					
Blog_265827-14454804.3	Blog_265827-14454804.3.nt.7					
Blog_265827-14454804.3	Blog_265827-14454804.3.nt.6					
Blog_265827-14454804.5	Blog_265827-14454804.5.6					
Blog_265827-14454804.7	Blog_265827-14454804.7.12					
Blog_265827-14454804.7	Blog_265827-14454804.7.11					
Blog_265827-14454804.7	Blog_265827-14454804.7.10					
Blog_265827-14889090.3	Blog_265827-14889090.3.6					
Blog_265827-14889090.4	Blog_265827-14889090.4.2					
Blog_265827-14455040.3	Blog_265827-14455040.3.2					
Blog_265827-14922303.1	Blog_265827-14922303.1.1					
Blog_265827-8186120.1	Blog_265827-8186120.1.15					
Blog_265827-8186120.3	Blog_265827-8186120.3.10					
Blog_265827-14844246.4	Blog_265827-14844246.4.4					
Blog_265827-15246480.4	Blog_265827-15246480.4.3					
Blog_265827-14455131.3	Blog_265827-14455131.3.4					
Blog_265827-15106306.4	Blog_265827-15106306.4.7					
Blog_265827-15106306.11	Blog_265827-15106306.11.7					
Blog_265827-15106306.11	Blog_265827-15106306.11.10					
Blog_265827-15106306.11	Blog_265827-15106306.11.1					
Blog_265827-15106306.13	Blog_265827-15106306.13.3					
Blog_265827-15106306.14	Blog_265827-15106306.14.3					
Blog_265827-14749673.3	Blog_265827-14749673.3.8					
Blog_265827-14749673.5	Blog_265827-14749673.5.nt.7					
Blog_265827-14749673.5	Blog_265827-14749673.5.nt.6					
Blog_265827-14749673.5	Blog_265827-14749673.5.nt.4					
Blog_265827-14749673.5	Blog_265827-14749673.5.nt.5					
Blog_265827-15028532.3	Blog_265827-15028532.3.7					
Blog_265827-15106304.2	Blog_265827-15106304.2.9					
Blog_6843-4868011.1	Blog_6843-4868011.1.nt.11					
Blog_6843-5164672.9	Blog_6843-5164672.9.20					
Blog_6843-5164672.10	Blog_6843-5164672.10.24					
Blog_6843-5164672.10	Blog_6843-5164672.10.9					
Blog_6843-5164672.12	Blog_6843-5164672.12.8					
Blog_6843-5164672.15	Blog_6843-5164672.15.11					
Blog_6843-5164672.15	Blog_6843-5164672.15.8					
Blog_6843-4328736.1	Blog_6843-4328736.1.6					
Blog_6843-4328736.4	Blog_6843-4328736.4.3					
Blog_6843-4328736.4	Blog_6843-4328736.4.1					
Blog_6843-4255016.2	Blog_6843-4255016.2.9					
Blog_6843-4255016.2	Blog_6843-4255016.2.12					
Blog_6843-4255016.2	Blog_6843-4255016.2.13					
Blog_6843-4255016.5	Blog_6843-4255016.5.25					
Blog_6843-4255016.6	Blog_6843-4255016.6.7					
Blog_6843-4255016.14	Blog_6843-4255016.14.10					
Blog_6843-3465275.2	Blog_6843-3465275.2.25					
Blog_6843-3465275.3	Blog_6843-3465275.3.5					
Blog_6843-3465275.7	Blog_6843-3465275.7.10					
Blog_6843-3465275.10	Blog_6843-3465275.10.3					
Blog_6843-3465275.11	Blog_6843-3465275.11.3					
Blog_6843-3465275.12	Blog_6843-3465275.12.2					
Blog_6843-3465275.13	Blog_6843-3465275.13.2					
Blog_6843-3465275.14	Blog_6843-3465275.14.1					
Blog_6843-3465275.15a	Blog_6843-3465275.15a.2					
Blog_6843-3465275.15b	Blog_6843-3465275.15b.1					
Blog_6843-4575758.5	Blog_6843-4575758.5.20					
Blog_6843-2767923.9	Blog_6843-2767923.9.6					
Blog_6843-2767923.14	Blog_6843-2767923.14.2					
Blog_6843-2767923.16	Blog_6843-2767923.16.24					
Blog_6843-2767923.16	Blog_6843-2767923.16.20					
Blog_6843-2767923.18	Blog_6843-2767923.18.12					
Blog_6843-2767923.19	Blog_6843-2767923.19.10					
Blog_6843-2767923.19	Blog_6843-2767923.19.20					
Blog_6843-2767923.19	Blog_6843-2767923.19.16					
Blog_6843-2767923.19	Blog_6843-2767923.19.22					
Blog_5089-9048317.2	Blog_5089-9048317.2.nt.7					
Blog_5089-9048317.3	Blog_5089-9048317.3.21					
Blog_5089-9048317.4	Blog_5089-9048317.4.3					
Blog_5089-9048317.9	Blog_5089-9048317.9.6					
Blog_5089-9048317.15	Blog_5089-9048317.15.11					
Blog_5089-9048317.16	Blog_5089-9048317.16.3					
Blog_5089-9048317.16	Blog_5089-9048317.16.9					
Blog_5089-9048317.17	Blog_5089-9048317.17.5					
Blog_5089-9048317.17	Blog_5089-9048317.17.7					
Blog_5089-9048317.33	Blog_5089-9048317.33.9					
Blog_5089-9048317.35	Blog_5089-9048317.35.8					
Blog_5089-9048317.36	Blog_5089-9048317.36.16					
Blog_5089-9048317.36	Blog_5089-9048317.36.8					
Blog_5089-9048317.39	Blog_5089-9048317.39.9					
Blog_5089-12282516.4	Blog_5089-12282516.4.10					
Blog_5089-12282516.5	Blog_5089-12282516.5.4					
Blog_5089-12282516.6	Blog_5089-12282516.6.2					
Blog_5089-12282516.7	Blog_5089-12282516.7.16					
Blog_5089-12282516.13	Blog_5089-12282516.13.10					
Blog_5089-12282516.14	Blog_5089-12282516.14.3					
Blog_5089-12282516.17	Blog_5089-12282516.17.12					
Blog_5089-12282516.25	Blog_5089-12282516.25.14					
Blog_5089-12282516.29	Blog_5089-12282516.29.3					
Blog_5089-12282516.31	Blog_5089-12282516.31.nt.12					
Blog_5089-12282516.31	Blog_5089-12282516.31.2					
Blog_5089-3694482.2	Blog_5089-3694482.2.2					
Blog_5089-3694482.2	Blog_5089-3694482.2.5					
Blog_5089-3694482.6	Blog_5089-3694482.6.4					
Blog_5089-3694482.11	Blog_5089-3694482.11.1					
Blog_5089-3694482.14	Blog_5089-3694482.14.4					
Blog_5089-3694482.15	Blog_5089-3694482.15.15					
Blog_5089-3694482.15	Blog_5089-3694482.15.7					
Blog_5089-9240616.11	Blog_5089-9240616.11.12					
Blog_5089-9240616.11	Blog_5089-9240616.11.10					
Blog_5089-9240616.11	Blog_5089-9240616.11.7					
Blog_5089-9240616.19	Blog_5089-9240616.19.6					
Blog_5089-9240616.20	Blog_5089-9240616.20.16					
Blog_5089-9240616.20	Blog_5089-9240616.20.12					
Blog_5089-9240616.22	Blog_5089-9240616.22.21					
Blog_5089-9240616.22	Blog_5089-9240616.22.22					
Blog_5089-9240616.26	Blog_5089-9240616.26.26					
Blog_5089-9240616.28	Blog_5089-9240616.28.24					
Blog_5089-9240616.30	Blog_5089-9240616.30.6					
Blog_5089-9240616.33	Blog_5089-9240616.33.9					
Blog_5089-9240616.33	Blog_5089-9240616.33.5					
Blog_5089-9240616.37	Blog_5089-9240616.37.14					
Blog_5089-9240616.37	Blog_5089-9240616.37.13					
Blog_5089-62681.6	Blog_5089-62681.6.9					
Blog_5089-62681.15	Blog_5089-62681.15.13					
Blog_5089-62681.15	Blog_5089-62681.15.12					
Blog_5089-62681.15	Blog_5089-62681.15.8					
Blog_5089-62681.15	Blog_5089-62681.15.7					
Blog_5089-62681.15	Blog_5089-62681.15.2					
Blog_5089-62681.24	Blog_5089-62681.24.10					
Blog_5089-62681.25	Blog_5089-62681.25.4					
Blog_5089-62681.31	Blog_5089-62681.31.9					
Blog_9154-5334916.5	Blog_9154-5334916.5.12					
Blog_9154-5334916.7	Blog_9154-5334916.7.2					
Blog_9154-5334916.8	Blog_9154-5334916.8.4					
Blog_9154-6030495.3	Blog_9154-6030495.3.15					
Blog_9154-6030495.3	Blog_9154-6030495.3.14					
Blog_9154-6030495.4	Blog_9154-6030495.4.11					
Blog_9154-6030495.4	Blog_9154-6030495.4.5					
Blog_9154-6030495.8	Blog_9154-6030495.8.10					
Blog_9154-6030495.11	Blog_9154-6030495.11.7					
Blog_9154-6030495.11	Blog_9154-6030495.11.11					
Blog_9154-6030495.11	Blog_9154-6030495.11.12					
Blog_9154-6030495.12	Blog_9154-6030495.12.10					
Blog_9154-6336623.3	Blog_9154-6336623.3.5					
Blog_9154-6336623.4	Blog_9154-6336623.4.7					
Blog_9154-6336623.9	Blog_9154-6336623.9.14					
Blog_9154-501423.2	Blog_9154-501423.2.21					
Blog_9154-4949551.1	Blog_9154-4949551.1.15					
Blog_9154-4949551.3	Blog_9154-4949551.3.nt.6					
Blog_9154-4949551.5	Blog_9154-4949551.5.3					
Blog_54523-7856343.2	Blog_54523-7856343.2.22					
Blog_54523-7856343.2	Blog_54523-7856343.2.21					
Blog_54523-7856343.6	Blog_54523-7856343.6.13					
Blog_54523-7856343.7	Blog_54523-7856343.7.5					
Blog_54523-7856343.8	Blog_54523-7856343.8.33					
Blog_54523-7856343.8	Blog_54523-7856343.8.18					
Blog_54523-7856343.8	Blog_54523-7856343.8.6					
Blog_54523-7856343.14	Blog_54523-7856343.14.26					
Blog_54523-7856343.14	Blog_54523-7856343.14.27					
Blog_54523-7856343.14	Blog_54523-7856343.14.14					
Blog_54523-7856343.21	Blog_54523-7856343.21.nt.10					
Blog_54523-8202951.1	Blog_54523-8202951.1.11					
Blog_54523-8202951.3	Blog_54523-8202951.3.5					
Blog_54523-8202951.4	Blog_54523-8202951.4.12					
Blog_54523-8202951.5	Blog_54523-8202951.5.13					
Blog_54523-8202951.5	Blog_54523-8202951.5.11					
Blog_54523-8202951.7	Blog_54523-8202951.7.9					
Blog_54523-8202951.10	Blog_54523-8202951.10.1					
Blog_54523-8202951.12c	Blog_54523-8202951.12c.37					
Blog_54523-9913239.9	Blog_54523-9913239.9.22					
Blog_54523-9913239.9	Blog_54523-9913239.9.14					
Blog_54523-9913239.11	Blog_54523-9913239.11.5					
Blog_54523-9913239.11	Blog_54523-9913239.11.29					
Blog_54523-6490319.2	Blog_54523-6490319.2.14					
Blog_54523-6490319.2	Blog_54523-6490319.2.54					
Blog_54523-6490319.2	Blog_54523-6490319.2.40					
Blog_54523-6490319.4	Blog_54523-6490319.4.10					
Blog_54523-9491151.2	Blog_54523-9491151.2.9					
Blog_54523-9491151.2	Blog_54523-9491151.2.12					
Blog_54523-9491151.2	Blog_54523-9491151.2.7					
Blog_54523-9491151.3	Blog_54523-9491151.3.5					
Blog_54523-9491151.3	Blog_54523-9491151.3.7					
Blog_54523-9491151.5	Blog_54523-9491151.5.11					
Blog_54523-9491151.12	Blog_54523-9491151.12.5					
Blog_54523-9491151.12	Blog_54523-9491151.12.4					
Blog_54523-4665614.2	Blog_54523-4665614.2.11					
Blog_54523-4665614.2	Blog_54523-4665614.2.12					
Blog_54523-4665614.5	Blog_54523-4665614.5.8					
Blog_54523-4665614.6	Blog_54523-4665614.6.15					
Blog_54523-14269154.1	Blog_54523-14269154.1.17					
Blog_54523-14269154.1	Blog_54523-14269154.1.56					
Blog_54523-14269154.1	Blog_54523-14269154.1.63					
Blog_54523-14269154.12	Blog_54523-14269154.12.34					
Blog_54523-14269154.12	Blog_54523-14269154.12.35					
Eupa_00-01-17.3	Eupa_00-01-17.3.3					
Eupa_00-01-17.4	Eupa_00-01-17.4.5					
Eupa_00-01-17.5	Eupa_00-01-17.5.2					
Eupa_00-01-17.7	Eupa_00-01-17.7.11					
Eupa_00-01-17.7	Eupa_00-01-17.7.22					
Eupa_00-01-17.12	Eupa_00-01-17.12.10					
Eupa_00-01-17.13	Eupa_00-01-17.13.15					
Eupa_00-01-17.14	Eupa_00-01-17.14.42					
Eupa_00-01-17.14	Eupa_00-01-17.14.35					
Eupa_00-01-17.15	Eupa_00-01-17.15.12					
Eupa_00-01-17.16	Eupa_00-01-17.16.4					
Eupa_00-01-17.20	Eupa_00-01-17.20.18					
Eupa_00-01-17.27	Eupa_00-01-17.27.7					
Eupa_00-01-17.31	Eupa_00-01-17.31.2					
Eupa_00-01-17.39	Eupa_00-01-17.39.4					
Eupa_00-01-17.41	Eupa_00-01-17.41.14					
Eupa_00-01-17.43	Eupa_00-01-17.43.4					
Eupa_00-01-17.61	Eupa_00-01-17.61.3					
Eupa_00-01-17.63	Eupa_00-01-17.63.17					
Eupa_00-01-17.66	Eupa_00-01-17.66.17					
Eupa_00-01-17.84	Eupa_00-01-17.84.18					
Eupa_00-01-17.88	Eupa_00-01-17.88.13					
Eupa_00-01-17.94	Eupa_00-01-17.94.15					
Eupa_00-01-17.96	Eupa_00-01-17.96.40					
Eupa_00-01-17.98	Eupa_00-01-17.98.17					
Eupa_00-01-17.99	Eupa_00-01-17.99.11					
Eupa_00-01-17.102	Eupa_00-01-17.102.63					
Eupa_00-01-17.116	Eupa_00-01-17.116.13					
Eupa_00-01-17.117	Eupa_00-01-17.117.5					
Eupa_00-01-17.159	Eupa_00-01-17.159.15					
Eupa_00-01-17.159	Eupa_00-01-17.159.22					
Eupa_00-01-17.163	Eupa_00-01-17.163.nt.36					
Eupa_00-01-17.163	Eupa_00-01-17.163.nt.37					
Eupa_00-01-17.165	Eupa_00-01-17.165.4					
Eupa_00-01-17.165	Eupa_00-01-17.165.2					
Eupa_00-01-17.168	Eupa_00-01-17.168.5					
Eupa_00-01-17.173	Eupa_00-01-17.173.12					
Eupa_00-01-17.184	Eupa_00-01-17.184.3					
Eupa_00-01-17.194	Eupa_00-01-17.194.5					
Eupa_00-01-17.201	Eupa_00-01-17.201.3					
Eupa_00-01-17.207	Eupa_00-01-17.207.10					
Eupa_00-01-17.208	Eupa_00-01-17.208.10					
Eupa_00-01-17.218	Eupa_00-01-17.218.1					
Eupa_00-01-17.218	Eupa_00-01-17.218.nt.35					
Eupa_00-01-17.221	Eupa_00-01-17.221.4					
Eupa_00-01-17.237	Eupa_00-01-17.237.26					
Eupa_00-01-17.240	Eupa_00-01-17.240.17					
Eupa_00-01-17.240	Eupa_00-01-17.240.14					
Eupa_00-01-17.243	Eupa_00-01-17.243.24					
Eupa_00-01-17.244	Eupa_00-01-17.244.21					
Eupa_00-01-17.247	Eupa_00-01-17.247.8					
Eupa_00-01-17.249	Eupa_00-01-17.249.8					
Eupa_00-01-17.252	Eupa_00-01-17.252.23					
Eupa_00-01-17.253	Eupa_00-01-17.253.24					
Eupa_00-01-17.253	Eupa_00-01-17.253.28					
Eupa_00-01-17.270	Eupa_00-01-17.270.5					
Eupa_00-01-17.270	Eupa_00-01-17.270.21					
Eupa_00-01-17.270	Eupa_00-01-17.270.1					
Eupa_00-01-17.272	Eupa_00-01-17.272.nt.34					
Eupa_00-01-17.272	Eupa_00-01-17.272.16					
Eupa_00-01-17.272	Eupa_00-01-17.272.20					
Eupa_00-01-17.275	Eupa_00-01-17.275.16					
Eupa_00-01-17.279	Eupa_00-01-17.279.10					
Eupa_00-01-17.287	Eupa_00-01-17.287.4					
Eupa_00-01-17.293	Eupa_00-01-17.293.nt.4					
Eupa_00-01-17.301	Eupa_00-01-17.301.35					
Eupa_00-01-17.308	Eupa_00-01-17.308.14					
Eupa_00-01-17.310	Eupa_00-01-17.310.19					
Eupa_00-01-17.311	Eupa_00-01-17.311.23					
Eupa_00-01-17.313	Eupa_00-01-17.313.nt.3					
Eupa_00-01-17.315	Eupa_00-01-17.315.14					
Eupa_00-01-17.316	Eupa_00-01-17.316.11					
Eupa_00-01-17.329	Eupa_00-01-17.329.14					
Eupa_00-01-17.329	Eupa_00-01-17.329.10					
Eupa_00-01-17.334	Eupa_00-01-17.334.nt.3					
Eupa_00-01-17.335	Eupa_00-01-17.335.12					
Eupa_00-01-17.338	Eupa_00-01-17.338.4					
Eupa_00-01-17.342	Eupa_00-01-17.342.5					
Eupa_00-01-17.342	Eupa_00-01-17.342.9					
Eupa_00-01-17.343	Eupa_00-01-17.343.15					
Eupa_00-01-17.347	Eupa_00-01-17.347.5					
Eupa_00-01-17.349	Eupa_00-01-17.349.5					
Eupa_00-01-17.352	Eupa_00-01-17.352.nt.16					
Eupa_00-01-17.356	Eupa_00-01-17.356.2					
Eupa_00-01-17.362	Eupa_00-01-17.362.16					
Eupa_00-01-17.362	Eupa_00-01-17.362.nt.18					
Eupa_00-01-17.365	Eupa_00-01-17.365.13					
Eupa_00-01-17.375	Eupa_00-01-17.375.21					
Eupa_00-01-17.384	Eupa_00-01-17.384.nt.3					
Eupa_00-01-17.389	Eupa_00-01-17.389.3					
Eupa_00-01-17.405	Eupa_00-01-17.405.6					
Eupa_00-01-17.405	Eupa_00-01-17.405.3					
Eupa_00-01-17.409	Eupa_00-01-17.409.16					
Eupa_00-01-17.413	Eupa_00-01-17.413.30					
Eupa_00-01-17.425	Eupa_00-01-17.425.10					
Eupa_00-01-17.425	Eupa_00-01-17.425.11					
Eupa_00-01-17.434	Eupa_00-01-17.434.19					
Eupa_00-01-17.440	Eupa_00-01-17.440.21					
Eupa_00-01-17.443	Eupa_00-01-17.443.9					
Eupa_00-01-17.446	Eupa_00-01-17.446.30					
Eupa_00-01-17.448	Eupa_00-01-17.448.17					
Eupa_00-01-17.448	Eupa_00-01-17.448.14					
Eupa_00-01-17.452	Eupa_00-01-17.452.11					
Eupa_00-01-17.452	Eupa_00-01-17.452.32					
Eupa_00-01-17.455	Eupa_00-01-17.455.17					
Eupa_00-01-17.456	Eupa_00-01-17.456.12					
Eupa_00-01-17.461	Eupa_00-01-17.461.14					
Eupa_00-01-17.464	Eupa_00-01-17.464.4					
Eupa_00-01-17.466	Eupa_00-01-17.466.nt.4					
Eupa_00-01-17.476	Eupa_00-01-17.476.12					
Eupa_00-01-17.476	Eupa_00-01-17.476.9					
Eupa_00-01-17.476	Eupa_00-01-17.476.18					
Eupa_00-01-17.477	Eupa_00-01-17.477.20					
Eupa_00-01-17.479	Eupa_00-01-17.479.3					
Eupa_00-01-17.480	Eupa_00-01-17.480.5					
Eupa_00-01-17.481	Eupa_00-01-17.481.nt.4					
Eupa_00-01-17.485	Eupa_00-01-17.485.18					
Eupa_00-01-17.485	Eupa_00-01-17.485.3					
Eupa_00-01-17.487	Eupa_00-01-17.487.36					
Eupa_00-01-17.489	Eupa_00-01-17.489.5					
Eupa_00-01-17.491	Eupa_00-01-17.491.26					
Eupa_00-01-17.506	Eupa_00-01-17.506.13					
Eupa_00-01-17.508	Eupa_00-01-17.508.4					
Eupa_00-01-17.510	Eupa_00-01-17.510.3					
Eupa_00-01-17.511	Eupa_00-01-17.511.28					
Eupa_00-01-17.511	Eupa_00-01-17.511.25					
Eupa_00-01-17.511	Eupa_00-01-17.511.14					
Eupa_00-01-17.512	Eupa_00-01-17.512.nt.4					
Eupa_00-01-17.514	Eupa_00-01-17.514.15					
Eupa_00-01-17.515	Eupa_00-01-17.515.5					
Eupa_00-01-17.519	Eupa_00-01-17.519.11					
Eupa_00-01-17.520	Eupa_00-01-17.520.27					
Eupa_00-01-17.522	Eupa_00-01-17.522.6					
Eupa_00-01-17.524	Eupa_00-01-17.524.16					
Eupa_00-01-17.526	Eupa_00-01-17.526.3					
Eupa_00-01-17.527	Eupa_00-01-17.527.6					
Eupa_00-01-17.532	Eupa_00-01-17.532.3					
Eupa_00-01-17.533	Eupa_00-01-17.533.32					
Eupa_00-01-17.535	Eupa_00-01-17.535.1					
Eupa_00-01-17.536	Eupa_00-01-17.536.11					
Eupa_00-01-17.537	Eupa_00-01-17.537.12					
Eupa_00-01-17.538	Eupa_00-01-17.538.1					
Eupa_00-01-17.540	Eupa_00-01-17.540.5					
Eupa_00-01-17.541	Eupa_00-01-17.541.1					
Eupa_00-01-17.543	Eupa_00-01-17.543.4					
Eupa_00-01-17.550	Eupa_00-01-17.550.10					
Eupa_00-01-17.552	Eupa_00-01-17.552.14					
Eupa_00-01-17.552	Eupa_00-01-17.552.15					
Eupa_00-01-17.563	Eupa_00-01-17.563.1					
Eupa_00-01-17.565	Eupa_00-01-17.565.23					
Eupa_00-01-17.566	Eupa_00-01-17.566.35					
Eupa_00-01-17.572	Eupa_00-01-17.572.3					
Eupa_00-01-17.574	Eupa_00-01-17.574.2					
Eupa_00-01-17.577	Eupa_00-01-17.577.5					
Eupa_00-01-17.585	Eupa_00-01-17.585.nt.4					
Eupa_00-01-17.587	Eupa_00-01-17.587.25					
Eupa_00-01-17.587	Eupa_00-01-17.587.18					
Eupa_00-01-17.587	Eupa_00-01-17.587.4					
Eupa_00-01-17.588	Eupa_00-01-17.588.12					
Eupa_00-01-17.591	Eupa_00-01-17.591.9					
Eupa_00-01-17.601	Eupa_00-01-17.601.23					
Eupa_00-01-17.616	Eupa_00-01-17.616.16					
Eupa_00-01-17.618	Eupa_00-01-17.618.8					
Eupa_00-01-17.618	Eupa_00-01-17.618.16					
Eupa_00-01-17.620	Eupa_00-01-17.620.1					
Eupa_00-01-17.624	Eupa_00-01-17.624.6					
Eupa_00-01-17.626	Eupa_00-01-17.626.16					
Eupa_00-01-17.627	Eupa_00-01-17.627.3					
Eupa_00-01-17.630	Eupa_00-01-17.630.17					
Eupa_00-01-17.632	Eupa_00-01-17.632.18					
Eupa_00-01-17.633	Eupa_00-01-17.633.4					
Eupa_00-01-17.639	Eupa_00-01-17.639.10					
Eupa_00-01-17.640	Eupa_00-01-17.640.45					
Eupa_00-01-17.644	Eupa_00-01-17.644.4					
Eupa_00-01-17.645	Eupa_00-01-17.645.11					
Eupa_00-01-17.662	Eupa_00-01-17.662.nt.20					
Eupa_00-01-17.663	Eupa_00-01-17.663.10					
Eupa_00-01-17.666	Eupa_00-01-17.666.19					
Eupa_00-01-17.675	Eupa_00-01-17.675.23					
Eupa_00-01-17.695	Eupa_00-01-17.695.nt.46					
Eupa_00-01-17.695	Eupa_00-01-17.695.53					
Eupa_00-01-17.695	Eupa_00-01-17.695.7					
Eupa_00-01-17.698	Eupa_00-01-17.698.34					
Eupa_00-01-17.700	Eupa_00-01-17.700.29					
Eupa_00-01-17.705	Eupa_00-01-17.705.10					
Eupa_00-01-17.706	Eupa_00-01-17.706.21					
Eupa_00-01-17.706	Eupa_00-01-17.706.10					
Eupa_00-01-17.706	Eupa_00-01-17.706.11					
Eupa_00-01-17.707	Eupa_00-01-17.707.9					
Eupa_00-01-17.708	Eupa_00-01-17.708.15					
Eupa_00-01-17.708	Eupa_00-01-17.708.14					
Eupa_00-01-17.708	Eupa_00-01-17.708.31					
Eupa_00-01-17.708	Eupa_00-01-17.708.29					
Eupa_00-01-17.708	Eupa_00-01-17.708.27					
Eupa_00-01-17.709	Eupa_00-01-17.709.6					
Eupa_00-01-17.709	Eupa_00-01-17.709.17					
Eupa_00-01-17.710	Eupa_00-01-17.710.7					
Eupa_00-01-17.710	Eupa_00-01-17.710.2					
Eupa_00-01-17.710	Eupa_00-01-17.710.6					
Eupa_00-01-17.713	Eupa_00-01-17.713.5					
Eupa_00-01-17.714	Eupa_00-01-17.714.13					
Eupa_00-01-17.714	Eupa_00-01-17.714.12					
Eupa_00-01-17.714	Eupa_00-01-17.714.24					
Eupa_00-01-17.714	Eupa_00-01-17.714.23					
Eupa_00-01-17.716	Eupa_00-01-17.716.21					
Eupa_00-01-17.716	Eupa_00-01-17.716.15					
Eupa_00-01-17.717	Eupa_00-01-17.717.23					
Eupa_00-01-17.717	Eupa_00-01-17.717.14					
Eupa_00-01-17.720	Eupa_00-01-17.720.20					
Eupa_00-01-17.720	Eupa_00-01-17.720.27					
Eupa_00-01-17.722	Eupa_00-01-17.722.5					
Eupa_00-01-17.723	Eupa_00-01-17.723.22					
Eupa_00-01-17.724	Eupa_00-01-17.724.4					
Eupa_00-01-17.726	Eupa_00-01-17.726.26					
Eupa_00-01-17.727	Eupa_00-01-17.727.8					
Eupa_00-01-17.731	Eupa_00-01-17.731.17					
Eupa_00-01-17.731	Eupa_00-01-17.731.2					
Eupa_00-01-17.732	Eupa_00-01-17.732.11					
Eupa_00-01-17.733	Eupa_00-01-17.733.2					
Eupa_00-01-17.737	Eupa_00-01-17.737.2					
Eupa_00-01-17.740	Eupa_00-01-17.740.3					
Eupa_00-01-17.744	Eupa_00-01-17.744.11					
Eupa_00-01-17.744	Eupa_00-01-17.744.10					
Eupa_00-01-17.746	Eupa_00-01-17.746.4					
Eupa_00-01-17.747	Eupa_00-01-17.747.29					
Eupa_00-01-17.750	Eupa_00-01-17.750.5					
Eupa_00-01-17.754	Eupa_00-01-17.754.13					
Eupa_00-01-17.756	Eupa_00-01-17.756.11					
Eupa_00-01-17.756	Eupa_00-01-17.756.nt.55					
Eupa_00-01-17.766	Eupa_00-01-17.766.nt.7					
Eupa_00-01-17.767	Eupa_00-01-17.767.16					
Eupa_00-01-17.769	Eupa_00-01-17.769.1					
Eupa_00-01-17.790	Eupa_00-01-17.790.17					
Eupa_00-01-17.793	Eupa_00-01-17.793.6					
Eupa_00-01-17.796	Eupa_00-01-17.796.32					
Eupa_00-01-17.796	Eupa_00-01-17.796.28					
Eupa_00-01-17.798	Eupa_00-01-17.798.28					
Eupa_00-01-17.801	Eupa_00-01-17.801.20					
Eupa_00-01-17.803	Eupa_00-01-17.803.9					
Eupa_00-01-17.803	Eupa_00-01-17.803.2					
Eupa_00-01-17.803	Eupa_00-01-17.803.3					
Eupa_00-01-17.804	Eupa_00-01-17.804.24					
Arbt_Fackfientlig.1	Arbt_Fackfientlig.1.nt.3		SB+OA, promote OA	4		
Arbt_Fackfientlig.2	Arbt_Fackfientlig.2.nt.3			definitively another case of 3		
Arbt_Fackfientlig.3	Arbt_Fackfientlig.3.nt.14		SB+MD, promote MD	4		
Arbt_Fackfientlig.3	Arbt_Fackfientlig.3.nt.12					
Arbt_Fackfientlig.7	Arbt_Fackfientlig.7.nt.12					
Arbt_Fackfientlig.7	Arbt_Fackfientlig.7.nt.5					
Regr_254764.16	Regr_254764.16.4					
Arbt_Polisjakt.2	Arbt_Polisjakt.2.nt.9					
Arbt_Polisjakt.12	Arbt_Polisjakt.12.nt.4					
Arbt_Polisjakt.13	Arbt_Polisjakt.13.nt.7					
Arbt_Polisjakt.14	Arbt_Polisjakt.14.nt.12					
Arbt_Polisjakt.14	Arbt_Polisjakt.14.nt.9					
Arbt_Polisjakt.15	Arbt_Polisjakt.15.nt.14					
Arbt_Polisjakt.18	Arbt_Polisjakt.18.nt.4					
Arbt_Polisjakt.24	Arbt_Polisjakt.24.nt.12					
Arbt_Polisjakt.27	Arbt_Polisjakt.27.nt.12					
Digi_2014-08.16	Digi_2014-08.16.3					
Digi_2014-08.20	Digi_2014-08.20.6					
Arbt_Hardkritik.10	Arbt_Hardkritik.10.nt.3					
Arbt_Hardkritik.13	Arbt_Hardkritik.13.nt.5					
Arbt_Hardkritik.22	Arbt_Hardkritik.22.nt.19					
Arbt_Hardkritik.23	Arbt_Hardkritik.23.nt.8					
Arbt_Hardkritik.23	Arbt_Hardkritik.23.nt.6					
Arbt_Hardkritik.28	Arbt_Hardkritik.28.nt.4					
Arbt_Hardkritik.30	Arbt_Hardkritik.30.nt.4					
Arbt_Vrede.3	Arbt_Vrede.3.nt.7					
Arbt_Vrede.5	Arbt_Vrede.5.nt.8					
Arbt_Vrede.13	Arbt_Vrede.13.nt.17					
Arbt_Vrede.15	Arbt_Vrede.15.nt.7					
Arbt_Vrede.16	Arbt_Vrede.16.nt.16					
Arbt_Vrede.16	Arbt_Vrede.16.nt.10					
Regr_255053.5	Regr_255053.5.10					
Regr_255053.9	Regr_255053.9.5					
Regr_255053.10	Regr_255053.10.16					
Regr_255053.23	Regr_255053.23.10					
Regr_255268.3	Regr_255268.3.2					
Regr_255268.16	Regr_255268.16.3					
Regr_255268.16	Regr_255268.16.2					
Regr_255268.17	Regr_255268.17.8					
Regr_255268.19	Regr_255268.19.2					
Regr_255022.11	Regr_255022.11.18					
Regr_255022.20	Regr_255022.20.25					
Arbt_Folkomrostningen.2	Arbt_Folkomrostningen.2.nt.9					
Arbt_Folkomrostningen.8	Arbt_Folkomrostningen.8.nt.16					
Arbt_Folkomrostningen.21	Arbt_Folkomrostningen.21.nt.9					
Arbt_Folkomrostningen.21	Arbt_Folkomrostningen.21.nt.1					
Regr_255856.1	Regr_255856.1.nt.8					
Arbt_Ariel.4	Arbt_Ariel.4.nt.10					
Arbt_Ariel.7	Arbt_Ariel.7.nt.9					
Arbt_Ariel.8	Arbt_Ariel.8.nt.22					
Arbt_Ariel.8	Arbt_Ariel.8.nt.15					
Arbt_Ariel.11	Arbt_Ariel.11.nt.4					
Arbt_Ariel.12	Arbt_Ariel.12.nt.10					
Arbt_Ariel.12	Arbt_Ariel.12.nt.3					
Arbt_Ariel.19	Arbt_Ariel.19.6					
Arbt_Ariel.19	Arbt_Ariel.19.nt.1					
Arbt_Ariel.19	Arbt_Ariel.19.5					
Arbt_Ariel.19	Arbt_Ariel.19.4					
Arbt_Ariel.20	Arbt_Ariel.20.nt.3					
Arbt_Ariel.22	Arbt_Ariel.22.nt.7					
Arbt_Ariel.28	Arbt_Ariel.28.nt.14					
Arbt_Ariel.33	Arbt_Ariel.33.nt.12					
Arbt_Ariel.37	Arbt_Ariel.37.nt.2					
Arbt_Ariel.38	Arbt_Ariel.38.nt.7					
Arbt_Ariel.38	Arbt_Ariel.38.nt.5					
Arbt_Ariel.40	Arbt_Ariel.40.nt.9					
Arbt_Ariel.41	Arbt_Ariel.41.nt.19					
Arbt_Ariel.47	Arbt_Ariel.47.nt.6					
Arbt_Ariel.53	Arbt_Ariel.53.nt.6					
Digi_2015-02.13	Digi_2015-02.13.4					
Digi_2015-02.18	Digi_2015-02.18.7					
Digi_2015-02.24	Digi_2015-02.24.20					
Arbt_Kraftigaprotester.8	Arbt_Kraftigaprotester.8.nt.10					
Arbt_Kraftigaprotester.8	Arbt_Kraftigaprotester.8.nt.6					
Arbt_Kraftigaprotester.12	Arbt_Kraftigaprotester.12.nt.11					
Arbt_Kraftigaprotester.19	Arbt_Kraftigaprotester.19.11					
Arbt_Kraftigaprotester.22	Arbt_Kraftigaprotester.22.nt.11					
Arbt_Kraftigaprotester.22	Arbt_Kraftigaprotester.22.nt.6					
Arbt_Kraftigaprotester.23	Arbt_Kraftigaprotester.23.nt.11					
Arbt_Kraftigaprotester.25	Arbt_Kraftigaprotester.25.nt.14					
Arbt_Kraftigaprotester.25	Arbt_Kraftigaprotester.25.nt.16					
Arbt_Kraftigaprotester.31	Arbt_Kraftigaprotester.31.nt.10					
Arbt_Kraftigaprotester.33	Arbt_Kraftigaprotester.33.nt.6					
Arbt_Kraftigaprotester.34	Arbt_Kraftigaprotester.34.nt.10					
Arbt_Kraftigaprotester.34	Arbt_Kraftigaprotester.34.nt.4					
Regr_255926.5	Regr_255926.5.15					
Regr_255926.5	Regr_255926.5.13					
Regr_255926.20	Regr_255926.20.14					
Regr_255655.6	Regr_255655.6.15					
Regr_255954.2	Regr_255954.2.1					
Digi_2014-05.4	Digi_2014-05.4.12					
Digi_2014-05.4	Digi_2014-05.4.9					
Digi_2014-05.5	Digi_2014-05.5.18					
Digi_2014-05.5	Digi_2014-05.5.13					
Digi_2014-05.6	Digi_2014-05.6.14					
Digi_2014-05.8	Digi_2014-05.8.12					
Digi_2014-05.22	Digi_2014-05.22.7					
Digi_2014-05.26	Digi_2014-05.26.28					
Digi_2014-05.32	Digi_2014-05.32.3					
Digi_2014-05.34	Digi_2014-05.34.2					
Digi_2014-05.53	Digi_2014-05.53.8					
Arbt_Flervarsel.3	Arbt_Flervarsel.3.nt.5					
Arbt_Flervarsel.6	Arbt_Flervarsel.6.nt.6					
Arbt_Vardbolag.2	Arbt_Vardbolag.2.nt.13					
Arbt_Vardbolag.5	Arbt_Vardbolag.5.nt.18					
Arbt_Vardbolag.6	Arbt_Vardbolag.6.nt.13					
Arbt_Vardbolag.7	Arbt_Vardbolag.7.nt.11					
Arbt_Vardbolag.8	Arbt_Vardbolag.8.nt.9					
Arbt_Vardbolag.8	Arbt_Vardbolag.8.nt.6					
Arbt_Vardbolag.12	Arbt_Vardbolag.12.nt.21					
Arbt_Vardbolag.17	Arbt_Vardbolag.17.nt.22					
Arbt_Vardbolag.17	Arbt_Vardbolag.17.nt.18					
Regr_255284.17	Regr_255284.17.2					
Arbt_Spekulationer.3	Arbt_Spekulationer.3.nt.28					
Arbt_Spekulationer.3	Arbt_Spekulationer.3.nt.18					
Arbt_Spekulationer.10	Arbt_Spekulationer.10.nt.22					
Arbt_Spekulationer.12	Arbt_Spekulationer.12.nt.3					
Arbt_Spekulationer.12	Arbt_Spekulationer.12.nt.33					
Arbt_Spekulationer.14	Arbt_Spekulationer.14.nt.9					
Arbt_Spekulationer.17	Arbt_Spekulationer.17.nt.17					
Arbt_Spekulationer.18	Arbt_Spekulationer.18.nt.10					
Arbt_Spekulationer.21	Arbt_Spekulationer.21.nt.16					
Arbt_Rwanda.6	Arbt_Rwanda.6.nt.8					
Arbt_Rwanda.7	Arbt_Rwanda.7.nt.9					
Arbt_Rwanda.7	Arbt_Rwanda.7.nt.3					
Arbt_Rwanda.8	Arbt_Rwanda.8.nt.3					
Arbt_Rwanda.13	Arbt_Rwanda.13.nt.4					
Arbt_Rwanda.14	Arbt_Rwanda.14.nt.20					
Arbt_Rwanda.18	Arbt_Rwanda.18.nt.2					
Regr_255175.4	Regr_255175.4.22					
Regr_255175.4	Regr_255175.4.16					
Regr_255175.12	Regr_255175.12.8					
Regr_255670.6	Regr_255670.6.2					
Regr_255670.15	Regr_255670.15.17					
Regr_255670.15	Regr_255670.15.8					
Regr_255656.3	Regr_255656.3.4					
Regr_255656.9	Regr_255656.9.14					
Regr_255656.15	Regr_255656.15.33					
Arbt_Vansterpartiets.8	Arbt_Vansterpartiets.8.nt.11					
Arbt_Vansterpartiets.8	Arbt_Vansterpartiets.8.nt.7					
Arbt_Vansterpartiets.9	Arbt_Vansterpartiets.9.nt.5					
Arbt_Vansterpartiets.11	Arbt_Vansterpartiets.11.nt.15					
Arbt_Vansterpartiets.14	Arbt_Vansterpartiets.14.nt.5					
Arbt_Vansterpartiets.19	Arbt_Vansterpartiets.19.nt.11					
Arbt_Vansterpartiets.20	Arbt_Vansterpartiets.20.nt.4					
Arbt_Vansterpartiets.21	Arbt_Vansterpartiets.21.nt.10					
Arbt_Vansterpartiets.21	Arbt_Vansterpartiets.21.nt.6					
Arbt_Vansterpartiets.23	Arbt_Vansterpartiets.23.nt.1					
Arbt_Vansterpartiets.27	Arbt_Vansterpartiets.27.nt.3					
Arbt_Vansterpartiets.31	Arbt_Vansterpartiets.31.nt.6					
Arbt_Vansterpartiets.36	Arbt_Vansterpartiets.36.nt.3					
Regr_255193.3	Regr_255193.3.16					
Regr_255193.3	Regr_255193.3.21					
Regr_255193.8	Regr_255193.8.13					
Regr_255193.8	Regr_255193.8.4					
Regr_255706.1	Regr_255706.1.4					
Regr_255706.3	Regr_255706.3.14					
Regr_255706.7	Regr_255706.7.1					
Regr_255706.18	Regr_255706.18.6					
Regr_255706.18	Regr_255706.18.5					
Regr_255706.24	Regr_255706.24.9					
Digi_2014-11.8	Digi_2014-11.8.2					
Digi_2014-11.16	Digi_2014-11.16.4					
Digi_2014-11.20	Digi_2014-11.20.9					
Digi_2014-11.26	Digi_2014-11.26.9					
Digi_2014-11.29	Digi_2014-11.29.3					
Regr_255346.1	Regr_255346.1.3					
Regr_255346.9	Regr_255346.9.10					
Regr_255346.9	Regr_255346.9.8					
Regr_255855.7	Regr_255855.7.5					
Regr_255855.11	Regr_255855.11.11					
Regr_254981.2	Regr_254981.2.22					
Regr_254981.4	Regr_254981.4.3					
Regr_254981.13	Regr_254981.13.16					
Regr_254842.20	Regr_254842.20.10					
Arbt_Smutsigvalkampanj.6	Arbt_Smutsigvalkampanj.6.nt.13					
Arbt_Smutsigvalkampanj.8	Arbt_Smutsigvalkampanj.8.nt.8					
Arbt_Smutsigvalkampanj.10	Arbt_Smutsigvalkampanj.10.nt.16					
Arbt_Smutsigvalkampanj.10	Arbt_Smutsigvalkampanj.10.nt.15					
Arbt_Smutsigvalkampanj.13	Arbt_Smutsigvalkampanj.13.nt.2					
Arbt_Smutsigvalkampanj.14	Arbt_Smutsigvalkampanj.14.nt.17					
Arbt_Smutsigvalkampanj.18	Arbt_Smutsigvalkampanj.18.nt.14					
Arbt_Smutsigvalkampanj.20	Arbt_Smutsigvalkampanj.20.nt.5					
Arbt_Smutsigvalkampanj.29	Arbt_Smutsigvalkampanj.29.nt.14					
Arbt_Smutsigvalkampanj.30	Arbt_Smutsigvalkampanj.30.nt.1					
Arbt_Smutsigvalkampanj.31	Arbt_Smutsigvalkampanj.31.nt.2					
Arbt_Olagligjakt.7	Arbt_Olagligjakt.7.nt.20					
Arbt_Olagligjakt.10	Arbt_Olagligjakt.10.nt.9					
Arbt_Olagligjakt.11	Arbt_Olagligjakt.11.nt.11					
Arbt_Olagligjakt.12	Arbt_Olagligjakt.12.nt.7					
Arbt_Olagligjakt.18	Arbt_Olagligjakt.18.nt.10					
Arbt_Olagligjakt.20	Arbt_Olagligjakt.20.nt.16					
Arbt_Olagligjakt.20	Arbt_Olagligjakt.20.nt.6					
Arbt_Olagligjakt.22	Arbt_Olagligjakt.22.nt.14					
Arbt_Olagligjakt.22	Arbt_Olagligjakt.22.nt.12					
Arbt_Olagligjakt.22	Arbt_Olagligjakt.22.nt.2					
Arbt_Olagligjakt.24	Arbt_Olagligjakt.24.nt.3					
Arbt_Olagligjakt.28	Arbt_Olagligjakt.28.nt.15					
Arbt_Olagligjakt.30	Arbt_Olagligjakt.30.nt.18					
Arbt_Iandrahand.3	Arbt_Iandrahand.3.nt.9					
Arbt_Iandrahand.6	Arbt_Iandrahand.6.nt.13					
Arbt_Iandrahand.6	Arbt_Iandrahand.6.nt.9					
Arbt_Iandrahand.6	Arbt_Iandrahand.6.nt.7					
Arbt_Iandrahand.9	Arbt_Iandrahand.9.nt.11					
Arbt_Iandrahand.10	Arbt_Iandrahand.10.nt.12					
Arbt_Iandrahand.15	Arbt_Iandrahand.15.nt.23					
Arbt_Iandrahand.21	Arbt_Iandrahand.21.nt.8					
Arbt_Iandrahand.26	Arbt_Iandrahand.26.nt.10					
Arbt_Hokarangenbor.3	Arbt_Hokarangenbor.3.nt.10					
Arbt_Hokarangenbor.3	Arbt_Hokarangenbor.3.nt.4					
Arbt_Hokarangenbor.12	Arbt_Hokarangenbor.12.nt.4					
Arbt_Hokarangenbor.13	Arbt_Hokarangenbor.13.nt.3					
Arbt_Hokarangenbor.14	Arbt_Hokarangenbor.14.nt.3					
Arbt_Hokarangenbor.16	Arbt_Hokarangenbor.16.nt.10					
Regr_255701.4	Regr_255701.4.2					
Regr_255701.12	Regr_255701.12.19					
Regr_254797.6	Regr_254797.6.16					
Regr_254797.17	Regr_254797.17.6					
Regr_254797.17	Regr_254797.17.12					
Regr_254797.17	Regr_254797.17.5					
Regr_255566.10	Regr_255566.10.6					
Regr_255566.10	Regr_255566.10.3					
Arbt_Barnen.3	Arbt_Barnen.3.nt.15					
Arbt_Barnen.3	Arbt_Barnen.3.nt.10					
Arbt_Barnen.3	Arbt_Barnen.3.nt.4					
Arbt_Barnen.6	Arbt_Barnen.6.14					
Arbt_Barnen.6	Arbt_Barnen.6.nt.17					
Arbt_Barnen.9	Arbt_Barnen.9.nt.4					
Arbt_Barnen.16	Arbt_Barnen.16.nt.8					
Arbt_Barnen.16	Arbt_Barnen.16.nt.5					
Arbt_Barnen.18	Arbt_Barnen.18.nt.14					
Arbt_Barnen.18	Arbt_Barnen.18.nt.16					
Arbt_Barnen.18	Arbt_Barnen.18.nt.11					
Arbt_Riskerna.4	Arbt_Riskerna.4.nt.16					
Arbt_Riskerna.4	Arbt_Riskerna.4.nt.4					
Arbt_Riskerna.6	Arbt_Riskerna.6.nt.12					
Arbt_Riskerna.11	Arbt_Riskerna.11.nt.1					
Arbt_Riskerna.15	Arbt_Riskerna.15.nt.6					
Arbt_Riskerna.20	Arbt_Riskerna.20.nt.7					
Romn_Lundqvist-Ingentobak.20	Romn_Lundqvist-Ingentobak.20.2					
Romn_Lundqvist-Ingentobak.22	Romn_Lundqvist-Ingentobak.22.26					
Romn_Lundqvist-Ingentobak.24	Romn_Lundqvist-Ingentobak.24.16					
Romn_Lundqvist-Ingentobak.26	Romn_Lundqvist-Ingentobak.26.19					
Romn_Lundqvist-Ingentobak.39	Romn_Lundqvist-Ingentobak.39.9					
Romn_Lundqvist-Ingentobak.43	Romn_Lundqvist-Ingentobak.43.3					
Romn_Lundqvist-Ingentobak.45	Romn_Lundqvist-Ingentobak.45.16					
Romn_Lundqvist-Ingentobak.45	Romn_Lundqvist-Ingentobak.45.2					
Romn_Lundqvist-Ingentobak.47	Romn_Lundqvist-Ingentobak.47.7					
Romn_Lundqvist-Ingentobak.47	Romn_Lundqvist-Ingentobak.47.8					
Romn_Lundqvist-Ingentobak.53	Romn_Lundqvist-Ingentobak.53.9					
Romn_Lundqvist-Ingentobak.60	Romn_Lundqvist-Ingentobak.60.10					
Romn_Lundqvist-Ingentobak.65	Romn_Lundqvist-Ingentobak.65.12					
Romn_Lundqvist-Ingentobak.65	Romn_Lundqvist-Ingentobak.65.13					
Romn_Lundqvist-Ingentobak.65	Romn_Lundqvist-Ingentobak.65.16					
Romn_Lundqvist-Ingentobak.65	Romn_Lundqvist-Ingentobak.65.11					
Romn_Lundqvist-Ingentobak.70	Romn_Lundqvist-Ingentobak.70.nt.7					
Romn_Lundqvist-Ingentobak.75	Romn_Lundqvist-Ingentobak.75.16					
Romn_Lundqvist-Ingentobak.75	Romn_Lundqvist-Ingentobak.75.17					
Romn_Lundqvist-Ingentobak.82	Romn_Lundqvist-Ingentobak.82.12					
Romn_Lundqvist-Ingentobak.82	Romn_Lundqvist-Ingentobak.82.9					
Romn_Lundqvist-Ingentobak.88	Romn_Lundqvist-Ingentobak.88.10					
Romn_Lundqvist-Ingentobak.96	Romn_Lundqvist-Ingentobak.96.13					
Romn_Lundqvist-Ingentobak.104	Romn_Lundqvist-Ingentobak.104.2					
Romn_Lundqvist-Ingentobak.113	Romn_Lundqvist-Ingentobak.113.35					
Romn_Lundqvist-Ingentobak.113	Romn_Lundqvist-Ingentobak.113.24					
Romn_Lundqvist-Ingentobak.113	Romn_Lundqvist-Ingentobak.113.26					
Romn_Lundqvist-Ingentobak.113	Romn_Lundqvist-Ingentobak.113.28					
Romn_Lundqvist-Ingentobak.123	Romn_Lundqvist-Ingentobak.123.6					
Romn_Lundqvist-Ingentobak.135	Romn_Lundqvist-Ingentobak.135.5					
Romn_Lundqvist-Ingentobak.141	Romn_Lundqvist-Ingentobak.141.4					
Romn_Lundqvist-Ingentobak.167	Romn_Lundqvist-Ingentobak.167.24					
Romn_Lundqvist-Ingentobak.167	Romn_Lundqvist-Ingentobak.167.18					
Romn_Lundqvist-Ingentobak.170	Romn_Lundqvist-Ingentobak.170.8					
Romn_Lundqvist-Ingentobak.182	Romn_Lundqvist-Ingentobak.182.15					
Romn_Lundqvist-Ingentobak.184	Romn_Lundqvist-Ingentobak.184.2					
Romn_Lundqvist-Ingentobak.199	Romn_Lundqvist-Ingentobak.199.4					
Romn_Lundqvist-Ingentobak.200	Romn_Lundqvist-Ingentobak.200.7					
Romn_Lundqvist-Ingentobak.210	Romn_Lundqvist-Ingentobak.210.2					
Romn_Lundqvist-Ingentobak.223	Romn_Lundqvist-Ingentobak.223.11					
Romn_Lundqvist-Ingentobak.227	Romn_Lundqvist-Ingentobak.227.6					
Romn_Lundqvist-Ingentobak.234	Romn_Lundqvist-Ingentobak.234.8					
Romn_Lundqvist-Ingentobak.295	Romn_Lundqvist-Ingentobak.295.13					
Romn_Lundqvist-Ingentobak.299	Romn_Lundqvist-Ingentobak.299.5					
Romn_Lundqvist-Ingentobak.299	Romn_Lundqvist-Ingentobak.299.7					
Romn_Lundqvist-Ingentobak.302	Romn_Lundqvist-Ingentobak.302.13					
Romn_Lundqvist-Ingentobak.304	Romn_Lundqvist-Ingentobak.304.4					
Romn_Lundqvist-Ingentobak.310	Romn_Lundqvist-Ingentobak.310.nt.9					
Romn_Lundqvist-Ingentobak.311	Romn_Lundqvist-Ingentobak.311.4					
Romn_Lundqvist-Ingentobak.338	Romn_Lundqvist-Ingentobak.338.2					
Romn_Lundqvist-Ingentobak.344	Romn_Lundqvist-Ingentobak.344.2					
Romn_Lundqvist-Ingentobak.356	Romn_Lundqvist-Ingentobak.356.17					
Romn_Lundqvist-Ingentobak.356	Romn_Lundqvist-Ingentobak.356.18					
Romn_Lundqvist-Ingentobak.358	Romn_Lundqvist-Ingentobak.358.26					
Romn_Lundqvist-Ingentobak.358	Romn_Lundqvist-Ingentobak.358.27					
Romn_Lundqvist-Ingentobak.358	Romn_Lundqvist-Ingentobak.358.23					
Romn_Lundqvist-Ingentobak.359	Romn_Lundqvist-Ingentobak.359.18					
Romn_Lundqvist-Ingentobak.362	Romn_Lundqvist-Ingentobak.362.11					
Romn_Lundqvist-Ingentobak.368	Romn_Lundqvist-Ingentobak.368.11					
Romn_Lundqvist-Ingentobak.375	Romn_Lundqvist-Ingentobak.375.9					
Romn_Lundqvist-Ingentobak.382	Romn_Lundqvist-Ingentobak.382.nt.12					
Romn_Lundqvist-Ingentobak.405	Romn_Lundqvist-Ingentobak.405.13					
Romn_Lundqvist-Ingentobak.405	Romn_Lundqvist-Ingentobak.405.9					
Romn_Lundqvist-Ingentobak.427	Romn_Lundqvist-Ingentobak.427.2					
Romn_Bjelvehammar-TageBengtsson.8	Romn_Bjelvehammar-TageBengtsson.8.3					
Romn_Bjelvehammar-TageBengtsson.12	Romn_Bjelvehammar-TageBengtsson.12.nt.8					
Romn_Bjelvehammar-TageBengtsson.28	Romn_Bjelvehammar-TageBengtsson.28.nt.9					
Romn_Bjelvehammar-TageBengtsson.29	Romn_Bjelvehammar-TageBengtsson.29.4					
Romn_Bjelvehammar-TageBengtsson.41	Romn_Bjelvehammar-TageBengtsson.41.18					
Romn_Bjelvehammar-TageBengtsson.42	Romn_Bjelvehammar-TageBengtsson.42.11					
Romn_Bjelvehammar-TageBengtsson.42	Romn_Bjelvehammar-TageBengtsson.42.7					
Romn_Bjelvehammar-TageBengtsson.46	Romn_Bjelvehammar-TageBengtsson.46.14					
Romn_Bjelvehammar-TageBengtsson.59	Romn_Bjelvehammar-TageBengtsson.59.nt.15					
Romn_Bjelvehammar-TageBengtsson.67	Romn_Bjelvehammar-TageBengtsson.67.17					
Romn_Bjelvehammar-TageBengtsson.70	Romn_Bjelvehammar-TageBengtsson.70.3					
Romn_Bjelvehammar-TageBengtsson.83	Romn_Bjelvehammar-TageBengtsson.83.11					
Romn_Bjelvehammar-TageBengtsson.101	Romn_Bjelvehammar-TageBengtsson.101.4					
Romn_Bjelvehammar-TageBengtsson.113	Romn_Bjelvehammar-TageBengtsson.113.11					
Romn_Bjelvehammar-TageBengtsson.114	Romn_Bjelvehammar-TageBengtsson.114.7					
Romn_Bjelvehammar-TageBengtsson.126	Romn_Bjelvehammar-TageBengtsson.126.13					
Romn_Bjelvehammar-TageBengtsson.150	Romn_Bjelvehammar-TageBengtsson.150.13					
Romn_Bjelvehammar-TageBengtsson.152	Romn_Bjelvehammar-TageBengtsson.152.10					
Romn_Bjelvehammar-TageBengtsson.152	Romn_Bjelvehammar-TageBengtsson.152.9					
Romn_Bjelvehammar-TageBengtsson.173	Romn_Bjelvehammar-TageBengtsson.173.21					
Romn_Bjelvehammar-TageBengtsson.174	Romn_Bjelvehammar-TageBengtsson.174.14					
Romn_Bjelvehammar-TageBengtsson.178	Romn_Bjelvehammar-TageBengtsson.178.nt.19					
Romn_Bjelvehammar-TageBengtsson.190	Romn_Bjelvehammar-TageBengtsson.190.nt.3					
Romn_Bjelvehammar-TageBengtsson.201	Romn_Bjelvehammar-TageBengtsson.201.14					
Romn_Bjelvehammar-TageBengtsson.204	Romn_Bjelvehammar-TageBengtsson.204.7					
Romn_Bjelvehammar-TageBengtsson.211	Romn_Bjelvehammar-TageBengtsson.211.15					
Romn_Bjelvehammar-TageBengtsson.216	Romn_Bjelvehammar-TageBengtsson.216.1					
Romn_Bjelvehammar-TageBengtsson.217	Romn_Bjelvehammar-TageBengtsson.217.6					
Romn_Bjelvehammar-TageBengtsson.222	Romn_Bjelvehammar-TageBengtsson.222.7					
Romn_Bjelvehammar-TageBengtsson.224	Romn_Bjelvehammar-TageBengtsson.224.12					
Romn_Bjelvehammar-TageBengtsson.224	Romn_Bjelvehammar-TageBengtsson.224.11					
Romn_Bjelvehammar-TageBengtsson.235	Romn_Bjelvehammar-TageBengtsson.235.9					
Romn_Bjelvehammar-TageBengtsson.239	Romn_Bjelvehammar-TageBengtsson.239.16					
Romn_Bjelvehammar-TageBengtsson.239	Romn_Bjelvehammar-TageBengtsson.239.14					
Romn_Bjelvehammar-TageBengtsson.239	Romn_Bjelvehammar-TageBengtsson.239.24					
Romn_Bjelvehammar-TageBengtsson.241	Romn_Bjelvehammar-TageBengtsson.241.4					
Romn_Holmsen-Polynesiskpassad.25	Romn_Holmsen-Polynesiskpassad.25.21					
Romn_Holmsen-Polynesiskpassad.37	Romn_Holmsen-Polynesiskpassad.37.6					
Romn_Holmsen-Polynesiskpassad.39	Romn_Holmsen-Polynesiskpassad.39.7					
Romn_Holmsen-Polynesiskpassad.39	Romn_Holmsen-Polynesiskpassad.39.6					
Romn_Holmsen-Polynesiskpassad.42	Romn_Holmsen-Polynesiskpassad.42.13					
Romn_Holmsen-Polynesiskpassad.42	Romn_Holmsen-Polynesiskpassad.42.3					
Romn_Holmsen-Polynesiskpassad.43	Romn_Holmsen-Polynesiskpassad.43.18					
Romn_Holmsen-Polynesiskpassad.43	Romn_Holmsen-Polynesiskpassad.43.3					
Romn_Holmsen-Polynesiskpassad.51	Romn_Holmsen-Polynesiskpassad.51.9					
Romn_Holmsen-Polynesiskpassad.56	Romn_Holmsen-Polynesiskpassad.56.4					
Romn_Holmsen-Polynesiskpassad.68	Romn_Holmsen-Polynesiskpassad.68.16					
Romn_Holmsen-Polynesiskpassad.112	Romn_Holmsen-Polynesiskpassad.112.7					
Romn_Holmsen-Polynesiskpassad.113	Romn_Holmsen-Polynesiskpassad.113.5					
Romn_Holmsen-Polynesiskpassad.113	Romn_Holmsen-Polynesiskpassad.113.16					
Romn_Holmsen-Polynesiskpassad.116	Romn_Holmsen-Polynesiskpassad.116.11					
Romn_Holmsen-Polynesiskpassad.126	Romn_Holmsen-Polynesiskpassad.126.8					
Romn_Holmsen-Polynesiskpassad.135	Romn_Holmsen-Polynesiskpassad.135.5					
Romn_Holmsen-Polynesiskpassad.147	Romn_Holmsen-Polynesiskpassad.147.9					
Romn_Holmsen-Polynesiskpassad.150	Romn_Holmsen-Polynesiskpassad.150.4					
Romn_Holmsen-Polynesiskpassad.151	Romn_Holmsen-Polynesiskpassad.151.3					
Romn_Holmsen-Polynesiskpassad.153	Romn_Holmsen-Polynesiskpassad.153.6					
Romn_Holmsen-Polynesiskpassad.160	Romn_Holmsen-Polynesiskpassad.160.8					
Romn_Holmsen-Polynesiskpassad.167	Romn_Holmsen-Polynesiskpassad.167.3					
Romn_Holmsen-Polynesiskpassad.168	Romn_Holmsen-Polynesiskpassad.168.3					
Romn_Holmsen-Polynesiskpassad.169	Romn_Holmsen-Polynesiskpassad.169.13					
Romn_Holmsen-Polynesiskpassad.183	Romn_Holmsen-Polynesiskpassad.183.4					
Romn_Holmsen-Polynesiskpassad.183	Romn_Holmsen-Polynesiskpassad.183.2					
Romn_Holmsen-Polynesiskpassad.186	Romn_Holmsen-Polynesiskpassad.186.10					
Romn_Holmsen-Polynesiskpassad.196	Romn_Holmsen-Polynesiskpassad.196.10					
Romn_Holmsen-Polynesiskpassad.204	Romn_Holmsen-Polynesiskpassad.204.21					
Romn_Holmsen-Polynesiskpassad.209	Romn_Holmsen-Polynesiskpassad.209.8					
Romn_Holmsen-Polynesiskpassad.209	Romn_Holmsen-Polynesiskpassad.209.1					
Romn_Holmsen-Polynesiskpassad.222	Romn_Holmsen-Polynesiskpassad.222.2					
Romn_Holmsen-Polynesiskpassad.235	Romn_Holmsen-Polynesiskpassad.235.5					
Romn_Holmsen-Polynesiskpassad.238	Romn_Holmsen-Polynesiskpassad.238.6					
Romn_Holmsen-Polynesiskpassad.239	Romn_Holmsen-Polynesiskpassad.239.6					
Romn_Holmsen-Polynesiskpassad.239	Romn_Holmsen-Polynesiskpassad.239.2					
Romn_Holmsen-Polynesiskpassad.243	Romn_Holmsen-Polynesiskpassad.243.9					
Romn_Holmsen-Polynesiskpassad.246	Romn_Holmsen-Polynesiskpassad.246.6					
Romn_Holmsen-Polynesiskpassad.262	Romn_Holmsen-Polynesiskpassad.262.14					
Romn_Holmsen-Polynesiskpassad.269	Romn_Holmsen-Polynesiskpassad.269.10					
Romn_Holmsen-Polynesiskpassad.283	Romn_Holmsen-Polynesiskpassad.283.22					
Romn_Holmsen-Polynesiskpassad.289	Romn_Holmsen-Polynesiskpassad.289.13					
Romn_Holmsen-Polynesiskpassad.289	Romn_Holmsen-Polynesiskpassad.289.7					
Romn_Holmsen-Polynesiskpassad.290	Romn_Holmsen-Polynesiskpassad.290.4					
Romn_Holmsen-Polynesiskpassad.307	Romn_Holmsen-Polynesiskpassad.307.5					
Romn_Holmsen-Polynesiskpassad.323	Romn_Holmsen-Polynesiskpassad.323.5					
Romn_Holmsen-Polynesiskpassad.337	Romn_Holmsen-Polynesiskpassad.337.2					
Romn_Holmsen-Polynesiskpassad.341	Romn_Holmsen-Polynesiskpassad.341.4					
Romn_Holmsen-Polynesiskpassad.349	Romn_Holmsen-Polynesiskpassad.349.12					
Romn_Holmsen-Polynesiskpassad.361	Romn_Holmsen-Polynesiskpassad.361.3					
Romn_Holmsen-Polynesiskpassad.365	Romn_Holmsen-Polynesiskpassad.365.12					
Romn_Holmsen-Polynesiskpassad.384	Romn_Holmsen-Polynesiskpassad.384.10					
Romn_Holmsen-Polynesiskpassad.398	Romn_Holmsen-Polynesiskpassad.398.3					
Romn_Holmsen-Polynesiskpassad.401	Romn_Holmsen-Polynesiskpassad.401.11					
Romn_Holmsen-Polynesiskpassad.404	Romn_Holmsen-Polynesiskpassad.404.6					
Romn_Holmsen-Polynesiskpassad.413	Romn_Holmsen-Polynesiskpassad.413.3					
Romn_Holmsen-Polynesiskpassad.414	Romn_Holmsen-Polynesiskpassad.414.15					
Romn_Strand-Pagarna.68	Romn_Strand-Pagarna.68.4					
Romn_Strand-Pagarna.68	Romn_Strand-Pagarna.68.2					
Romn_Strand-Pagarna.70	Romn_Strand-Pagarna.70.3					
Romn_Strand-Pagarna.70	Romn_Strand-Pagarna.70.4					
Romn_Strand-Pagarna.85	Romn_Strand-Pagarna.85.11					
Romn_Strand-Pagarna.85	Romn_Strand-Pagarna.85.9					
Romn_Strand-Pagarna.85	Romn_Strand-Pagarna.85.5					
Romn_Strand-Pagarna.85	Romn_Strand-Pagarna.85.3					
Romn_Strand-Pagarna.85	Romn_Strand-Pagarna.85.13					
Romn_Strand-Pagarna.87	Romn_Strand-Pagarna.87.6					
Romn_Strand-Pagarna.92	Romn_Strand-Pagarna.92.4					
Romn_Strand-Pagarna.96	Romn_Strand-Pagarna.96.9					
Romn_Strand-Pagarna.104	Romn_Strand-Pagarna.104.8					
Romn_Strand-Pagarna.116	Romn_Strand-Pagarna.116.10					
Romn_Strand-Pagarna.118	Romn_Strand-Pagarna.118.8					
Romn_Strand-Pagarna.120	Romn_Strand-Pagarna.120.8					
Romn_Strand-Pagarna.126	Romn_Strand-Pagarna.126.11					
Romn_Strand-Pagarna.160	Romn_Strand-Pagarna.160.5					
Romn_Strand-Pagarna.166	Romn_Strand-Pagarna.166.11					
Romn_Strand-Pagarna.167	Romn_Strand-Pagarna.167.13					
Romn_Strand-Pagarna.172	Romn_Strand-Pagarna.172.8					
Romn_Strand-Pagarna.172	Romn_Strand-Pagarna.172.6					
Romn_Strand-Pagarna.175	Romn_Strand-Pagarna.175.3					
Romn_Strand-Pagarna.179	Romn_Strand-Pagarna.179.5					
Romn_Strand-Pagarna.188	Romn_Strand-Pagarna.188.2					
Romn_Strand-Pagarna.197	Romn_Strand-Pagarna.197.nt.18					
Romn_Strand-Pagarna.198	Romn_Strand-Pagarna.198.3					
Romn_Strand-Pagarna.198	Romn_Strand-Pagarna.198.7					
Romn_Strand-Pagarna.207	Romn_Strand-Pagarna.207.15					
Romn_Strand-Pagarna.207c	Romn_Strand-Pagarna.207c.3					
Romn_Strand-Pagarna.214	Romn_Strand-Pagarna.214.3					
Romn_Strand-Pagarna.223	Romn_Strand-Pagarna.223.5					
Romn_Strand-Pagarna.250	Romn_Strand-Pagarna.250.8					
Romn_Strand-Pagarna.250	Romn_Strand-Pagarna.250.1					
Romn_Strand-Pagarna.261	Romn_Strand-Pagarna.261.5					
Romn_Strand-Pagarna.269	Romn_Strand-Pagarna.269.6					
Romn_Strand-Pagarna.275	Romn_Strand-Pagarna.275.8					
Romn_Strand-Pagarna.279	Romn_Strand-Pagarna.279.2					
Romn_Strand-Pagarna.283	Romn_Strand-Pagarna.283.14					
Romn_Strand-Pagarna.294	Romn_Strand-Pagarna.294.10					
Romn_Strand-Pagarna.295	Romn_Strand-Pagarna.295.16					
Romn_Strand-Pagarna.301	Romn_Strand-Pagarna.301.9					
Romn_Strand-Pagarna.302	Romn_Strand-Pagarna.302.8					
Romn_Strand-Pagarna.302	Romn_Strand-Pagarna.302.3					
Romn_Strand-Pagarna.308	Romn_Strand-Pagarna.308.4					
Romn_Strand-Pagarna.360	Romn_Strand-Pagarna.360.6					
Romn_Strand-Pagarna.368	Romn_Strand-Pagarna.368.nt.13					
Romn_Strand-Pagarna.373	Romn_Strand-Pagarna.373.3					
Romn_Strand-Pagarna.374	Romn_Strand-Pagarna.374.9					
Romn_Strand-Pagarna.378	Romn_Strand-Pagarna.378.21					
Romn_Strand-Pagarna.383	Romn_Strand-Pagarna.383.5					
Romn_Strand-Pagarna.390	Romn_Strand-Pagarna.390.2					
Romn_Strand-Pagarna.418	Romn_Strand-Pagarna.418.11					
Romn_Strand-Pagarna.421b	Romn_Strand-Pagarna.421b.nt.5					
Romn_Strand-Pagarna.427	Romn_Strand-Pagarna.427.15					
Romn_Strand-Pagarna.429	Romn_Strand-Pagarna.429.12					
Romn_Strand-Pagarna.429	Romn_Strand-Pagarna.429.3					
Romn_Strand-Pagarna.429	Romn_Strand-Pagarna.429.11					
Romn_Strand-Pagarna.429	Romn_Strand-Pagarna.429.10					
Romn_Strand-Pagarna.429	Romn_Strand-Pagarna.429.9					
Romn_Strand-Pagarna.445	Romn_Strand-Pagarna.445.7					
Romn_Strand-Pagarna.457	Romn_Strand-Pagarna.457.14					
Romn_Strand-Pagarna.462	Romn_Strand-Pagarna.462.8					
Wiki_Asterix.14	Wiki_Asterix.14.8					
Wiki_Asterix.18	Wiki_Asterix.18.26					
Wiki_Asterix.18	Wiki_Asterix.18.3					
Wiki_Asterix.19	Wiki_Asterix.19.19					
Wiki_Asterix.20	Wiki_Asterix.20.43					
Wiki_Asterix.21	Wiki_Asterix.21.19					
Wiki_Asterix.25	Wiki_Asterix.25.31					
Wiki_Asterix.25	Wiki_Asterix.25.29					
Wiki_Asterix.26	Wiki_Asterix.26.12					
Wiki_Asterix.27	Wiki_Asterix.27.1					
Wiki_Asterix.28	Wiki_Asterix.28.3					
Wiki_Asterix.29	Wiki_Asterix.29.2					
Wiki_Asterix.30	Wiki_Asterix.30.1					
Wiki_Asterix.32	Wiki_Asterix.32.21					
Wiki_Asterix.33	Wiki_Asterix.33.5					
Wiki_Asterix.34	Wiki_Asterix.34.6					
Wiki_Asterix.38	Wiki_Asterix.38.8					
Wiki_Asterix.39	Wiki_Asterix.39.5					
Wiki_Asterix.40	Wiki_Asterix.40.9					
Wiki_Asterix.44	Wiki_Asterix.44.12					
Wiki_Asterix.47	Wiki_Asterix.47.17					
Wiki_Asterix.48	Wiki_Asterix.48.3					
Wiki_Asterix.53	Wiki_Asterix.53.5					
Wiki_Asterix.57	Wiki_Asterix.57.4					
Wiki_Asterix.61	Wiki_Asterix.61.nt.17					
Wiki_Asterix.73	Wiki_Asterix.73.15					
Wiki_Asterix.75	Wiki_Asterix.75.7					
Wiki_Asterix.79	Wiki_Asterix.79.7					
Wiki_Asterix.82	Wiki_Asterix.82.6					
Wiki_Asterix.83	Wiki_Asterix.83.5					
Wiki_Asterix.90	Wiki_Asterix.90.8					
Wiki_Asterix.97	Wiki_Asterix.97.12					
Wiki_Asterix.97	Wiki_Asterix.97.10					
Wiki_Asterix.97	Wiki_Asterix.97.9					
Wiki_Kvadrat.4	Wiki_Kvadrat.4.12					
Wiki_Kvadrat.7	Wiki_Kvadrat.7.6					
Wiki_LillaMy.18	Wiki_LillaMy.18.14					
Wiki_LillaMy.21	Wiki_LillaMy.21.8					
Wiki_Hastighetsmatare.6	Wiki_Hastighetsmatare.6.6					
Wiki_Hastighetsmatare.6	Wiki_Hastighetsmatare.6.7					
Wiki_Hastighetsmatare.8	Wiki_Hastighetsmatare.8.16					
Wiki_Hastighetsmatare.22	Wiki_Hastighetsmatare.22.2					
Wiki_HarryPotter.8	Wiki_HarryPotter.8.7					
Wiki_HarryPotter.19	Wiki_HarryPotter.19.26					
Wiki_HarryPotter.19	Wiki_HarryPotter.19.17					
Wiki_HarryPotter.27	Wiki_HarryPotter.27.22					
Wiki_HarryPotter.28	Wiki_HarryPotter.28.21					
Wiki_HarryPotter.28	Wiki_HarryPotter.28.17					
Wiki_HarryPotter.28	Wiki_HarryPotter.28.7					
Wiki_HarryPotter.31	Wiki_HarryPotter.31.3					
Wiki_HarryPotter.32	Wiki_HarryPotter.32.4					
Wiki_HarryPotter.32	Wiki_HarryPotter.32.3					
Wiki_HarryPotter.32	Wiki_HarryPotter.32.2					
Wiki_HarryPotter.34	Wiki_HarryPotter.34.9					
Wiki_HarryPotter.34	Wiki_HarryPotter.34.1					
Wiki_HarryPotter.34	Wiki_HarryPotter.34.2					
Wiki_HarryPotter.35	Wiki_HarryPotter.35.4					
Wiki_HarryPotter.37	Wiki_HarryPotter.37.3					
Wiki_HarryPotter.39	Wiki_HarryPotter.40.2					
Wiki_HarryPotter.44	Wiki_HarryPotter.44.12					
Wiki_HarryPotter.44	Wiki_HarryPotter.44.4					
Wiki_HarryPotter.47	Wiki_HarryPotter.47.23					
Wiki_HarryPotter.55	Wiki_HarryPotter.55.10					
Wiki_HarryPotter.56	Wiki_HarryPotter.56.4					
Wiki_HarryPotter.56	Wiki_HarryPotter.56.5					
Wiki_HarryPotter.60	Wiki_HarryPotter.60.4					
Wiki_HarryPotter.63	Wiki_HarryPotter.63.16					
Wiki_HarryPotter.75	Wiki_HarryPotter.75.11					
Wiki_HarryPotter.81	Wiki_HarryPotter.81.3					
Wiki_HarryPotter.82	Wiki_HarryPotter.82.23					
Wiki_HarryPotter.88	Wiki_HarryPotter.88.19					
Wiki_HarryPotter.97	Wiki_HarryPotter.97.1					
Wiki_HarryPotter.104	Wiki_HarryPotter.104.12					
Wiki_HarryPotter.113	Wiki_HarryPotter.113.11					
Wiki_HarryPotter.113	Wiki_HarryPotter.113.5					
Wiki_HarryPotter.113	Wiki_HarryPotter.113.3					
Wiki_HarryPotter.113	Wiki_HarryPotter.113.27					
Wiki_HarryPotter.115	Wiki_HarryPotter.115.19					
Wiki_HarryPotter.115	Wiki_HarryPotter.115.6					
Wiki_HarryPotter.116	Wiki_HarryPotter.116.8					
Wiki_HarryPotter.117	Wiki_HarryPotter.117.3					
Wiki_HarryPotter.130	Wiki_HarryPotter.130.18					
Wiki_Saganomringenfilm.1	Wiki_Saganomringenfilm.1.5					
Wiki_Saganomringenfilm.2	Wiki_Saganomringenfilm.2.15					
Wiki_Saganomringenfilm.2	Wiki_Saganomringenfilm.2.11b					
Wiki_Saganomringenfilm.8	Wiki_Saganomringenfilm.8.8					
Wiki_Saganomringenfilm.8	Wiki_Saganomringenfilm.8.10					
Wiki_Saganomringenfilm.16	Wiki_Saganomringenfilm.16.4					
Wiki_Saganomringenfilm.24	Wiki_Saganomringenfilm.24.4					
Wiki_Saganomringenfilm.53	Wiki_Saganomringenfilm.53.4					
Wiki_Saganomringenfilm.56	Wiki_Saganomringenfilm.56.4					
Wiki_Saganomringenfilm.63	Wiki_Saganomringenfilm.63.8					
Wiki_Saganomringenfilm.63	Wiki_Saganomringenfilm.63.1					
Wiki_Saganomringenfilm.68	Wiki_Saganomringenfilm.68.5					
Wiki_Saganomringenfilm.71	Wiki_Saganomringenfilm.71.5					
Wiki_Saganomringenfilm.75	Wiki_Saganomringenfilm.75.12					
Wiki_Saganomringenfilm.78	Wiki_Saganomringenfilm.78.12					
Wiki_Saganomringenfilm.80	Wiki_Saganomringenfilm.80.7					
Wiki_Semester.3	Wiki_Semester.3.15					
Wiki_Semester.9	Wiki_Semester.9.7					
Wiki_Semester.14	Wiki_Semester.14.4					
Wiki_Semester.23	Wiki_Semester.23.7					
Wiki_VascodaGama.4	Wiki_VascodaGama.4.33					
Wiki_VascodaGama.4	Wiki_VascodaGama.4.nt.37					
Wiki_VascodaGama.4	Wiki_VascodaGama.4.38					
Wiki_VascodaGama.4	Wiki_VascodaGama.4.10					
Wiki_VascodaGama.16	Wiki_VascodaGama.16.22					
Wiki_VascodaGama.23	Wiki_VascodaGama.23.23					
Wiki_VascodaGama.23	Wiki_VascodaGama.23.22					
Wiki_VascodaGama.25	Wiki_VascodaGama.25.10					
Wiki_VascodaGama.25	Wiki_VascodaGama.25.14					
Wiki_VascodaGama.26	Wiki_VascodaGama.26.19					
Wiki_VascodaGama.26	Wiki_VascodaGama.26.17					
Wiki_VascodaGama.26	Wiki_VascodaGama.26.14					
Wiki_VascodaGama.30	Wiki_VascodaGama.30.4					
Wiki_VascodaGama.32	Wiki_VascodaGama.32.12					
Wiki_VascodaGama.33	Wiki_VascodaGama.33.18					
Wiki_VascodaGama.39	Wiki_VascodaGama.39.3					
Wiki_VascodaGama.45	Wiki_VascodaGama.45.17					
Wiki_VascodaGama.47	Wiki_VascodaGama.47.24					
Wiki_VascodaGama.48	Wiki_VascodaGama.48.6					
Wiki_VascodaGama.56	Wiki_VascodaGama.56.23					
Wiki_VascodaGama.68	Wiki_VascodaGama.68.18					
Wiki_VascodaGama.70	Wiki_VascodaGama.70.13					
Wiki_VascodaGama.74	Wiki_VascodaGama.74.3					
Wiki_VascodaGama.84	Wiki_VascodaGama.84.4					
Wiki_Symaskin.4	Wiki_Symaskin.4.17					
Wiki_Symaskin.4	Wiki_Symaskin.4.11					
Wiki_Symaskin.4	Wiki_Symaskin.4.3					
Wiki_Symaskin.6	Wiki_Symaskin.6.12					
Wiki_Symaskin.9	Wiki_Symaskin.9.14					
Wiki_Symaskin.9	Wiki_Symaskin.9.3					
Wiki_Symaskin.15	Wiki_Symaskin.15.11					
Wiki_Symaskin.16	Wiki_Symaskin.16.3					
Wiki_Symaskin.19	Wiki_Symaskin.19.18					
Wiki_Symaskin.32	Wiki_Symaskin.32.7					
Wiki_Symaskin.37	Wiki_Symaskin.37.25					
Wiki_Symaskin.40	Wiki_Symaskin.40.9					
Wiki_Symaskin.45	Wiki_Symaskin.45.13					
Wiki_Symaskin.57	Wiki_Symaskin.57.14					
Wiki_Symaskin.58	Wiki_Symaskin.58.11					
Wiki_Symaskin.63	Wiki_Symaskin.63.7					
Wiki_Vader.11	Wiki_Vader.11.7					
Wiki_Vader.16	Wiki_Vader.16.11					
Wiki_Vader.31	Wiki_Vader.31.5					
Wiki_Vader.31	Wiki_Vader.31.2					
Wiki_Vader.33	Wiki_Vader.33.9					
Wiki_Vader.38	Wiki_Vader.38.1					
Wiki_Vader.47	Wiki_Vader.47.4					
Wiki_Vader.50	Wiki_Vader.50.10					
Wiki_Vader.55	Wiki_Vader.55.4					
Wiki_Vader.59	Wiki_Vader.59.8					
Wiki_Vader.60	Wiki_Vader.61.2					
Wiki_Vader.71	Wiki_Vader.71.3					
Wiki_Vader.79	Wiki_Vader.79.4					
Wiki_Vader.84	Wiki_Vader.84.16					
Wiki_Vader.97	Wiki_Vader.97.3					
Wiki_Vader.117	Wiki_Vader.117.19					
Wiki_Vader.117	Wiki_Vader.117.18					
Wiki_Vader.130	Wiki_Vader.130.4					
Wiki_Vader.152	Wiki_Vader.152.9					
Wiki_Vader.155	Wiki_Vader.155.3					
Wiki_Vader.156	Wiki_Vader.156.24					
Wiki_Vader.156	Wiki_Vader.156.22					
Wiki_Vader.157	Wiki_Vader.157.6					
Wiki_Vader.166	Wiki_Vader.166.5					
Wiki_Vader.168	Wiki_Vader.168.24					
Wiki_Vader.168	Wiki_Vader.168.19					
Wiki_Vader.177	Wiki_Vader.177.7					
Wiki_Vader.178	Wiki_Vader.178.20					
Wiki_Vader.182	Wiki_Vader.182.9					
Wiki_Vader.192	Wiki_Vader.192.11					
Wiki_Vader.194	Wiki_Vader.194.19					
Wiki_Vader.194	Wiki_Vader.194.20					
Wiki_Vader.195	Wiki_Vader.195.5					
Wiki_Vader.201	Wiki_Vader.201.7					
Wiki_AlexanderFleming.6	Wiki_AlexanderFleming.6.6					
Wiki_AlexanderFleming.12	Wiki_AlexanderFleming.12.1					
Wiki_AlexanderFleming.16	Wiki_AlexanderFleming.16.7					
Wiki_AlexanderFleming.16	Wiki_AlexanderFleming.16.2					
Wiki_AlexanderFleming.20	Wiki_AlexanderFleming.20.14					
Wiki_AlexanderFleming.22	Wiki_AlexanderFleming.22.13					
Wiki_AlexanderFleming.22	Wiki_AlexanderFleming.22.nt.18					
Wiki_AlexanderFleming.22	Wiki_AlexanderFleming.22.9					
Wiki_MiominMio.12	Wiki_MiominMio.12.3					
Wiki_MiominMio.21	Wiki_MiominMio.21.4					
Wiki_MiominMio.26	Wiki_MiominMio.26.2					
Wiki_MiominMio.47	Wiki_MiominMio.47.21					
Wiki_MiominMio.58	Wiki_MiominMio.58.9					
Wiki_MiominMio.58	Wiki_MiominMio.58.11					
Wiki_MiominMio.69	Wiki_MiominMio.69.14					
Wiki_MiominMio.69	Wiki_MiominMio.69.nt.24					
Wiki_MiominMio.71	Wiki_MiominMio.71.8					
Wiki_MiominMio.76	Wiki_MiominMio.76.11					
Wiki_MiominMio.78	Wiki_MiominMio.78.8					
Wiki_MiominMio.78	Wiki_MiominMio.78.14					
Wiki_MiominMio.79	Wiki_MiominMio.79.3					
Wiki_MiominMio.82	Wiki_MiominMio.82.5					
Wiki_MiominMio.88	Wiki_MiominMio.88.nt.17					
Wiki_MiominMio.90	Wiki_MiominMio.90.1					
Wiki_MiominMio.100	Wiki_MiominMio.100.8					
Wiki_MiominMio.118	Wiki_MiominMio.118.10					
Wiki_MiominMio.138	Wiki_MiominMio.138.10					
Wiki_MiominMio.139	Wiki_MiominMio.139.nt.7					
Wiki_MiominMio.140	Wiki_MiominMio.140.11					
Wiki_MiominMio.142	Wiki_MiominMio.142.9					
Wiki_MiominMio.143	Wiki_MiominMio.143.18					
Wiki_MiominMio.143	Wiki_MiominMio.143.14					
Wiki_MiominMio.144	Wiki_MiominMio.144.5					
Wiki_MiominMio.147	Wiki_MiominMio.147.10					
Wiki_MiominMio.148	Wiki_MiominMio.148.10					
Wiki_MiominMio.148	Wiki_MiominMio.148.5					
Wiki_MiominMio.159	Wiki_MiominMio.159.6					
Wiki_MiominMio.165	Wiki_MiominMio.165.4					
Wiki_Jonssonligan.3	Wiki_Jonssonligan.3.10					
Wiki_Jonssonligan.10	Wiki_Jonssonligan.10.10					
Wiki_Jonssonligan.22	Wiki_Jonssonligan.22.17					
Wiki_Jonssonligan.30	Wiki_Jonssonligan.30.9					
Wiki_Jonssonligan.30	Wiki_Jonssonligan.30.3					
Wiki_Jonssonligan.30	Wiki_Jonssonligan.30.10					
Wiki_Jonssonligan.31	Wiki_Jonssonligan.31.9					
Wiki_Jonssonligan.31	Wiki_Jonssonligan.31.6					
Wiki_Jonssonligan.32	Wiki_Jonssonligan.32.18					
Wiki_Jonssonligan.32	Wiki_Jonssonligan.32.14					
Wiki_Jonssonligan.36	Wiki_Jonssonligan.36.9					
Wiki_Jonssonligan.36	Wiki_Jonssonligan.36.5					
Wiki_Jonssonligan.38	Wiki_Jonssonligan.38.10					
Wiki_Jonssonligan.50	Wiki_Jonssonligan.50.15					
Wiki_Sverigesriksdag.6	Wiki_Sverigesriksdag.6.3					
Wiki_Sverigesriksdag.42	Wiki_Sverigesriksdag.42.14					
Wiki_Sverigesriksdag.44	Wiki_Sverigesriksdag.44.2					
Wiki_Sverigesriksdag.50	Wiki_Sverigesriksdag.50.6					
Wiki_Sverigesriksdag.58	Wiki_Sverigesriksdag.58.7					
Wiki_Sverigesriksdag.58	Wiki_Sverigesriksdag.58.6					
Wiki_Sverigesriksdag.58	Wiki_Sverigesriksdag.58.4					
Wiki_Sverigesriksdag.72	Wiki_Sverigesriksdag.72.7					
Wiki_Sverigesriksdag.73	Wiki_Sverigesriksdag.73.12					
Wiki_Sverigesriksdag.76	Wiki_Sverigesriksdag.76.18					
Wiki_Sverigesriksdag.79	Wiki_Sverigesriksdag.79.9					
Wiki_Sverigesriksdag.82	Wiki_Sverigesriksdag.82.11					
Wiki_Sverigesriksdag.82	Wiki_Sverigesriksdag.82.10					
Wiki_Sverigesriksdag.86	Wiki_Sverigesriksdag.86.13					
Wiki_Sverigesriksdag.86	Wiki_Sverigesriksdag.86.6					
Wiki_Sverigesriksdag.86	Wiki_Sverigesriksdag.86.5					
Wiki_Sverigesriksdag.86	Wiki_Sverigesriksdag.86.9					
Wiki_Sverigesriksdag.86	Wiki_Sverigesriksdag.86.8					
Wiki_Sverigesriksdag.97	Wiki_Sverigesriksdag.97.4					
Wiki_Sverigesriksdag.101	Wiki_Sverigesriksdag.101.3					
Wiki_Sverigesriksdag.104	Wiki_Sverigesriksdag.104.13					
Wiki_Sverigesriksdag.106	Wiki_Sverigesriksdag.106.3					
Wiki_Sverigesriksdag.106	Wiki_Sverigesriksdag.106.11					
Wiki_Sverigesriksdag.106	Wiki_Sverigesriksdag.106.8					
Wiki_Sverigesriksdag.108	Wiki_Sverigesriksdag.108.5					
Wiki_Sverigesriksdag.109	Wiki_Sverigesriksdag.109.2					
