Blog_12325-1189192.9	Blog_12325-1189192.9.2	AbP	MD MD	
Arbt_Hardkritik.28	Arbt_Hardkritik.28.nt.4	AbP	MD JF	
Arbt_Vardbolag.6	Arbt_Vardbolag.6.nt.13	AbP	MD	HD
Romn_Holmsen-Polynesiskpassad.222	Romn_Holmsen-Polynesiskpassad.222.2	AbP	MD AN	
Romn_Strand-Pagarna.126	Romn_Strand-Pagarna.126.11	AbP	MD MD	
Romn_Strand-Pagarna.373	Romn_Strand-Pagarna.373.3	AbP	DF MD	
Blog_5089-62681.15	Blog_5089-62681.15.12	AjP	OA	HD
Arbt_Polisjakt.2	Arbt_Polisjakt.2.nt.9	AjP	MD MD	
Regr_255926.5	Regr_255926.5.13	AjP	MD MD	
Romn_Lundqvist-Ingentobak.45	Romn_Lundqvist-Ingentobak.45.16	AjP	MD AG	HD
Romn_Lundqvist-Ingentobak.65	Romn_Lundqvist-Ingentobak.65.12	AjP	OO	HD
Romn_Lundqvist-Ingentobak.65	Romn_Lundqvist-Ingentobak.65.13	AjP	OO	HD
Romn_Lundqvist-Ingentobak.65	Romn_Lundqvist-Ingentobak.65.16	AjP	OO	HD
Romn_Lundqvist-Ingentobak.65	Romn_Lundqvist-Ingentobak.65.11	AjP	DF DF MD OO	HD
Romn_Strand-Pagarna.429	Romn_Strand-Pagarna.429.9	AjP	OA	HD MD
Wiki_Asterix.18	Wiki_Asterix.18.3	AjP	MD MD	
Wiki_Asterix.97	Wiki_Asterix.97.9	AjP	MD MD	
Wiki_Symaskin.4	Wiki_Symaskin.4.11	AjP	MD MD	
Wiki_Vader.168	Wiki_Vader.168.19	AjP	MD MD	
Wiki_Sverigesriksdag.86	Wiki_Sverigesriksdag.86.6	AjP	OO MD	HD
Wiki_Sverigesriksdag.86	Wiki_Sverigesriksdag.86.9	AjP	OA MD	HD
Blog_12325-1884438.14	Blog_12325-1884438.14.1	IjP	ME ME ME	
Blog_13263-144355.3	Blog_13263-144355.3.4	KoP	KL KL	
Blog_13263-1168055.5	Blog_13263-1168055.5.9	KoP	KL KL KL	
Blog_12325-1621221.4	Blog_12325-1621221.4.nt.14	KoP	KL KL KL KL	
Blog_12325-2413172.16	Blog_12325-2413172.16.3	KoP	KL KL	
Blog_12325-1189192.6	Blog_12325-1189192.6.12	KoP	KL KL	
Blog_12325-1189192.13	Blog_12325-1189192.13.18	KoP	KL KL	
Blog_26224-1714803.1	Blog_26224-1714803.1.6	KoP	KL KL	
Blog_265827-15106309.6	Blog_265827-15106309.6.nt.6	KoP	KL KL KL DF KL KL DF KL	
Blog_265827-15165011.1	Blog_265827-15165011.1.nt.10	KoP	KL KL	
Blog_265827-14454804.3	Blog_265827-14454804.3.nt.7	KoP	KL KL	
Blog_265827-8186120.1	Blog_265827-8186120.1.15	KoP	KL KL	
Blog_265827-14844246.4	Blog_265827-14844246.4.4	KoP	DF KL KL	
Blog_265827-14749673.5	Blog_265827-14749673.5.nt.6	KoP	KL KL	
Blog_6843-5164672.15	Blog_6843-5164672.15.11	KoP	KL KL	
Blog_6843-4328736.4	Blog_6843-4328736.4.3	KoP	KL KL	
Blog_5089-9240616.30	Blog_5089-9240616.30.6	KoP	KL KL	
Blog_54523-8202951.5	Blog_54523-8202951.5.13	KoP	KL KL	
Blog_54523-4665614.2	Blog_54523-4665614.2.10	KoP	KL KL KL	
Eupa_00-01-17.102	Eupa_00-01-17.102.63	KoP	KL KL	
Eupa_00-01-17.165	Eupa_00-01-17.165.4	KoP	KL KL	
Eupa_00-01-17.272	Eupa_00-01-17.272.nt.34	KoP	KL KL	
Eupa_00-01-17.272	Eupa_00-01-17.272.20	KoP	KL KL	
Eupa_00-01-17.293	Eupa_00-01-17.293.nt.4	KoP	KL KL KL	
Eupa_00-01-17.310	Eupa_00-01-17.310.19	KoP	KL KL	
Eupa_00-01-17.313	Eupa_00-01-17.313.nt.3	KoP	KL KL	
Eupa_00-01-17.315	Eupa_00-01-17.315.14	KoP	KL KL	
Eupa_00-01-17.329	Eupa_00-01-17.329.10	KoP	KL KL KL	
Eupa_00-01-17.334	Eupa_00-01-17.334.nt.3	KoP	KL KL	
Eupa_00-01-17.338	Eupa_00-01-17.338.4	KoP	KL KL KL	
Eupa_00-01-17.343	Eupa_00-01-17.343.15	KoP	KL KL KL	
Eupa_00-01-17.365	Eupa_00-01-17.365.13	KoP	KL KL	
Eupa_00-01-17.375	Eupa_00-01-17.375.21	KoP	KL KL KL KL	
Eupa_00-01-17.384	Eupa_00-01-17.384.nt.3	KoP	KL KL	
Eupa_00-01-17.405	Eupa_00-01-17.405.6	KoP	KL KL KL KL KL KL KL KL	
Eupa_00-01-17.440	Eupa_00-01-17.440.21	KoP	KL KL	
Eupa_00-01-17.466	Eupa_00-01-17.466.nt.4	KoP	KL KL KL	
Eupa_00-01-17.476	Eupa_00-01-17.476.18	KoP	KL KL KL KL KL KL KL KL	
Eupa_00-01-17.481	Eupa_00-01-17.481.nt.4	KoP	KL KL KL	
Eupa_00-01-17.512	Eupa_00-01-17.512.nt.4	KoP	KL KL KL	
Eupa_00-01-17.527	Eupa_00-01-17.527.6	KoP	KL KL	
Eupa_00-01-17.540	Eupa_00-01-17.540.5	KoP	KL KL	
Eupa_00-01-17.550	Eupa_00-01-17.550.10	KoP	KL KL KL	
Eupa_00-01-17.585	Eupa_00-01-17.585.nt.4	KoP	KL KL KL	
Eupa_00-01-17.630	Eupa_00-01-17.630.17	KoP	KL KL	
Eupa_00-01-17.675	Eupa_00-01-17.675.23	KoP	KL KL KL	
Eupa_00-01-17.710	Eupa_00-01-17.710.7	KoP	KL KL	
Eupa_00-01-17.714	Eupa_00-01-17.714.24	KoP	KL KL	
Eupa_00-01-17.716	Eupa_00-01-17.716.15	KoP	KL KL	
Eupa_00-01-17.731	Eupa_00-01-17.731.17	KoP	KL KL KL	
Eupa_00-01-17.766	Eupa_00-01-17.766.nt.7	KoP	KL KL KL KL	
Arbt_Polisjakt.27	Arbt_Polisjakt.27.nt.12	KoP	KL KL	
Arbt_Ariel.19	Arbt_Ariel.19.6	KoP	KL KL	
Arbt_Ariel.19	Arbt_Ariel.19.nt.1	KoP	KL KL	
Arbt_Rwanda.14	Arbt_Rwanda.14.nt.20	KoP	KL KL	
Regr_255706.7	Regr_255706.7.1	KoP	KL KL KL KL	
Romn_Lundqvist-Ingentobak.70	Romn_Lundqvist-Ingentobak.70.nt.7	KoP	KL KL	
Romn_Lundqvist-Ingentobak.88	Romn_Lundqvist-Ingentobak.88.10	KoP	KL KL KL	
Romn_Lundqvist-Ingentobak.170	Romn_Lundqvist-Ingentobak.170.8	KoP	KL KL KL	
Romn_Lundqvist-Ingentobak.199	Romn_Lundqvist-Ingentobak.199.4	KoP	KL KL KL	
Romn_Lundqvist-Ingentobak.295	Romn_Lundqvist-Ingentobak.295.13	KoP	KL KL KL	
Romn_Lundqvist-Ingentobak.310	Romn_Lundqvist-Ingentobak.310.nt.9	KoP	KL KL	
Romn_Lundqvist-Ingentobak.358	Romn_Lundqvist-Ingentobak.358.23	KoP	KL KL	
Romn_Lundqvist-Ingentobak.359	Romn_Lundqvist-Ingentobak.359.18	KoP	KL KL	
Romn_Lundqvist-Ingentobak.362	Romn_Lundqvist-Ingentobak.362.11	KoP	KL KL	
Romn_Lundqvist-Ingentobak.375	Romn_Lundqvist-Ingentobak.375.9	KoP	KL KL KL	
Romn_Lundqvist-Ingentobak.382	Romn_Lundqvist-Ingentobak.382.nt.12	KoP	KL KL KL	
Romn_Lundqvist-Ingentobak.405	Romn_Lundqvist-Ingentobak.405.13	KoP	KL KL	
Romn_Bjelvehammar-TageBengtsson.12	Romn_Bjelvehammar-TageBengtsson.12.nt.8	KoP	KL KL KL	
Romn_Bjelvehammar-TageBengtsson.28	Romn_Bjelvehammar-TageBengtsson.28.nt.9	KoP	KL KL	
Romn_Bjelvehammar-TageBengtsson.42	Romn_Bjelvehammar-TageBengtsson.42.11	KoP	KL KL	
Romn_Bjelvehammar-TageBengtsson.59	Romn_Bjelvehammar-TageBengtsson.59.nt.15	KoP	KL KL KL	
Romn_Bjelvehammar-TageBengtsson.83	Romn_Bjelvehammar-TageBengtsson.83.11	KoP	KL KL	
Romn_Bjelvehammar-TageBengtsson.152	Romn_Bjelvehammar-TageBengtsson.152.10	KoP	KL KL	
Romn_Bjelvehammar-TageBengtsson.178	Romn_Bjelvehammar-TageBengtsson.178.nt.19	KoP	KL KL KL	
Romn_Bjelvehammar-TageBengtsson.190	Romn_Bjelvehammar-TageBengtsson.190.nt.3	KoP	KL KL	
Romn_Bjelvehammar-TageBengtsson.204	Romn_Bjelvehammar-TageBengtsson.204.7	KoP	KL KL	
Romn_Bjelvehammar-TageBengtsson.224	Romn_Bjelvehammar-TageBengtsson.224.12	KoP	KL KL	
Romn_Holmsen-Polynesiskpassad.37	Romn_Holmsen-Polynesiskpassad.37.6	KoP	KL KL KL	
Romn_Holmsen-Polynesiskpassad.42	Romn_Holmsen-Polynesiskpassad.42.13	KoP	KL KL	
Romn_Holmsen-Polynesiskpassad.43	Romn_Holmsen-Polynesiskpassad.43.18	KoP	KL KL KL	
Romn_Holmsen-Polynesiskpassad.68	Romn_Holmsen-Polynesiskpassad.68.16	KoP	KL KL KL	
Romn_Holmsen-Polynesiskpassad.113	Romn_Holmsen-Polynesiskpassad.113.5	KoP	KL KL KL KL KL KL KL	
Romn_Holmsen-Polynesiskpassad.126	Romn_Holmsen-Polynesiskpassad.126.8	KoP	KL KL KL	
Romn_Holmsen-Polynesiskpassad.135	Romn_Holmsen-Polynesiskpassad.135.5	KoP	KL KL	
Romn_Holmsen-Polynesiskpassad.246	Romn_Holmsen-Polynesiskpassad.246.7	KoP	KL KL KL	
Romn_Holmsen-Polynesiskpassad.262	Romn_Holmsen-Polynesiskpassad.262.14	KoP	KL KL KL	
Romn_Holmsen-Polynesiskpassad.283	Romn_Holmsen-Polynesiskpassad.283.22	KoP	KL KL KL KL	
Romn_Holmsen-Polynesiskpassad.323	Romn_Holmsen-Polynesiskpassad.323.5	KoP	KL KL	
Romn_Holmsen-Polynesiskpassad.365	Romn_Holmsen-Polynesiskpassad.365.12	KoP	KL KL	
Romn_Holmsen-Polynesiskpassad.414	Romn_Holmsen-Polynesiskpassad.414.15	KoP	KL KL	
Romn_Strand-Pagarna.429	Romn_Strand-Pagarna.429.12	KoP	KL KL	
Wiki_Asterix.19	Wiki_Asterix.19.19	KoP	KL KL	
Wiki_Asterix.20	Wiki_Asterix.20.43	KoP	KL KL	
Wiki_HarryPotter.19	Wiki_HarryPotter.19.26	KoP	KL KL	
Wiki_HarryPotter.27	Wiki_HarryPotter.27.22	KoP	KL	
Wiki_HarryPotter.44	Wiki_HarryPotter.44.12	KoP	KL KL	
Wiki_HarryPotter.44	Wiki_HarryPotter.44.4	KoP	KL KL	
Wiki_HarryPotter.63	Wiki_HarryPotter.63.16	KoP	KL KL	
Wiki_HarryPotter.115	Wiki_HarryPotter.115.19	KoP	KL KL	
Wiki_Saganomringenfilm.2	Wiki_Saganomringenfilm.2.11b	KoP	KL KL KL	
Wiki_Saganomringenfilm.68	Wiki_Saganomringenfilm.68.5	KoP	KL KL KL DF	
Wiki_Semester.23	Wiki_Semester.23.7	KoP	KL KL KL	
Wiki_Vader.97	Wiki_Vader.97.3	KoP	KL KL KL	
Wiki_MiominMio.58	Wiki_MiominMio.58.19	KoP	KL KL KL	
Wiki_MiominMio.69	Wiki_MiominMio.69.nt.24	KoP	KL KL KL	
Wiki_MiominMio.76	Wiki_MiominMio.76.11	KoP	KL KL	
Wiki_MiominMio.88	Wiki_MiominMio.88.nt.17	KoP	KL KL	
Wiki_MiominMio.138	Wiki_MiominMio.138.10	KoP	KL KL KL KL	
Wiki_MiominMio.140	Wiki_MiominMio.140.11	KoP	KL KL KL	
Wiki_MiominMio.142	Wiki_MiominMio.142.9	KoP	KL KL	
Wiki_MiominMio.148	Wiki_MiominMio.148.10	KoP	KL KL	
Wiki_Jonssonligan.30	Wiki_Jonssonligan.30.9	KoP	KL KL	
Wiki_Jonssonligan.31	Wiki_Jonssonligan.31.9	KoP	KL KL	
Wiki_Sverigesriksdag.106	Wiki_Sverigesriksdag.106.3	KoP	KL KL	
Wiki_Sverigesriksdag.106	Wiki_Sverigesriksdag.106.8	KoP	KL KL	
Wiki_Sverigesriksdag.108	Wiki_Sverigesriksdag.108.11	KoP	KL KL	
Blog_160886-11338599.3	Blog_160886-11338599.3.3	NP	DT MD MD	
Blog_160886-11338599.9	Blog_160886-11338599.9.1	NP	DT MD	
Blog_160886-12591771.4	Blog_160886-12591771.4.7	NP	DT	HD
Blog_160886-11338497.10	Blog_160886-11338497.10.6	NP	MD	HD
Blog_188519-10179826.11	Blog_188519-10179826.11.9	NP	DT MD	
Blog_188519-10179826.44	Blog_188519-10179826.44.2	NP	DF DT MD	
Blog_13263-144355.2	Blog_13263-144355.2.4	NP	DT MD	
Blog_13263-144355.2	Blog_13263-144355.2.3	NP	DT MD	
Blog_13263-144355.3	Blog_13263-144355.3.20	NP	DT MD	
Blog_13263-637462.4	Blog_13263-637462.4.1	NP	DT DT	
Blog_13263-862913.3	Blog_13263-862913.3.3	NP	DT DT MD	
Blog_13263-213331.3	Blog_13263-213331.3.6	NP	DT MD	
Blog_13263-213331.3	Blog_13263-213331.3.3	NP	DT MD	
Blog_13263-85629.2	Blog_13263-85629.2.3	NP	MD	HD DT MD
Blog_13263-236413.2	Blog_13263-236413.2.1	NP	MD	HD
Blog_13263-24167.2	Blog_13263-24167.2.1	NP	DT	MD HD
Blog_13263-513530.1	Blog_13263-513530.1.18	NP	DT	HD
Blog_13263-513530.1	Blog_13263-513530.1.25	NP	DT	HD DT
Blog_13263-1216693.2	Blog_13263-1216693.2.2	NP	DT MD	
Blog_13263-1216693.2	Blog_13263-1216693.2.7	NP	DT MD	
Blog_12325-1398819.5	Blog_12325-1398819.5.2	NP	DT MD	
Blog_12325-1398819.5	Blog_12325-1398819.5.1	NP	DT MD	
Blog_12325-1398819.18	Blog_12325-1398819.18.6	NP	DT MD MD	
Blog_12325-2172538.10	Blog_12325-2172538.10.3	NP	MD MD	
Blog_12325-1621221.1c	Blog_12325-1621221.1c.nt.12	NP	MD	HD
Blog_12325-1884438.15	Blog_12325-1884438.15.10	NP	DT MD	
Blog_12325-1189192.1a	Blog_12325-1189192.1a.nt.1	NP	DT MD	
Blog_12325-1189192.3	Blog_12325-1189192.3.11	NP	DT MD	
Blog_12325-1189192.5	Blog_12325-1189192.5.nt.1	NP	DT MD	
Blog_12325-1189192.5a	Blog_12325-1189192.5a.nt.2	NP	DT MD MD	
Blog_12325-1189192.6	Blog_12325-1189192.6.10	NP	MD MD	
Blog_12325-1189192.11	Blog_12325-1189192.11.12	NP	DT MD	
Blog_12325-1189192.13	Blog_12325-1189192.13.7	NP	DT MD	
Blog_26224-1714803.1	Blog_26224-1714803.1.2	NP	MD	HD
Blog_265827-14653745.1	Blog_265827-14653745.1.5	NP	MD	PH
Blog_265827-14454804.7	Blog_265827-14454804.7.10	NP	MD	HD MD MD
Blog_265827-14749673.3	Blog_265827-14749673.3.8	NP	MD AN	HD DT
Blog_265827-15028532.3	Blog_265827-15028532.3.7	NP	MD	PH
Blog_6843-5164672.10	Blog_6843-5164672.10.24	NP	DT MD	
Blog_6843-5164672.10	Blog_6843-5164672.10.9	NP	DT MD	
Blog_6843-4328736.1	Blog_6843-4328736.1.6	NP	MD	HD
Blog_6843-4255016.2	Blog_6843-4255016.2.9	NP	DT MD	MD
Blog_6843-4255016.2	Blog_6843-4255016.2.12	NP	MD	DT MD
Blog_6843-4255016.2	Blog_6843-4255016.2.13	NP	MD MD	DT
Blog_6843-4255016.5	Blog_6843-4255016.5.25	NP	DT MD	
Blog_6843-4255016.6	Blog_6843-4255016.6.7	NP	MD OO	
Blog_6843-3465275.3	Blog_6843-3465275.3.5	NP	DT MD	
Blog_6843-4575758.5	Blog_6843-4575758.5.20	NP	MD	HD
Blog_6843-2767923.9	Blog_6843-2767923.9.6	NP	DT MD	
Blog_6843-2767923.14	Blog_6843-2767923.14.2	NP	DT	HD
Blog_6843-2767923.19	Blog_6843-2767923.19.10	NP	DT MD	
Blog_5089-9048317.9	Blog_5089-9048317.9.6	NP	MD	HD
Blog_5089-9048317.17	Blog_5089-9048317.17.5	NP	DT MD	
Blog_5089-12282516.4	Blog_5089-12282516.4.10	NP	DT MD MD	
Blog_5089-12282516.17	Blog_5089-12282516.17.12	NP	DT MD AN	
Blog_5089-12282516.31	Blog_5089-12282516.31.2	NP	DT MD	
Blog_5089-3694482.2	Blog_5089-3694482.2.2	NP	DT MD	
Blog_5089-3694482.11	Blog_5089-3694482.11.1	NP	DT MD	
Blog_5089-9240616.19	Blog_5089-9240616.19.6	NP	MD	HD
Blog_5089-9240616.22	Blog_5089-9240616.22.21	NP	MD MD	
Blog_5089-9240616.22	Blog_5089-9240616.22.22	NP	MD MD	
Blog_5089-9240616.28	Blog_5089-9240616.28.24	NP	DF DT MD MD MD	
Blog_5089-9240616.33	Blog_5089-9240616.33.5	NP	DT MD	
Blog_5089-62681.15	Blog_5089-62681.15.7	NP	DT MD AN	HD
Blog_9154-5334916.5	Blog_9154-5334916.5.12	NP	MD	HD
Blog_9154-5334916.8	Blog_9154-5334916.8.4	NP	DT MD	
Blog_9154-6030495.3	Blog_9154-6030495.3.14	NP	DT MD	HD
Blog_9154-6030495.8	Blog_9154-6030495.8.10	NP	MD	MD HD
Blog_9154-6336623.4	Blog_9154-6336623.4.7	NP	DT MD	
Blog_54523-8202951.10	Blog_54523-8202951.10.1	NP	MD	
Blog_54523-9491151.12	Blog_54523-9491151.12.4	NP	MD MD	HD
Blog_54523-14269154.1	Blog_54523-14269154.1.17	NP	DT MD	
Eupa_00-01-17.13	Eupa_00-01-17.13.15	NP	DT MD	
Eupa_00-01-17.14	Eupa_00-01-17.14.35	NP	DT	MD HD
Eupa_00-01-17.20	Eupa_00-01-17.20.18	NP	MD	HD
Eupa_00-01-17.27	Eupa_00-01-17.27.7	NP	DT MD AN	
Eupa_00-01-17.43	Eupa_00-01-17.43.4	NP	DT MD	HD
Eupa_00-01-17.63	Eupa_00-01-17.63.17	NP	MD MD	
Eupa_00-01-17.94	Eupa_00-01-17.94.15	NP	MD MD	HD
Eupa_00-01-17.116	Eupa_00-01-17.116.13	NP	DT	HD
Eupa_00-01-17.117	Eupa_00-01-17.117.5	NP	DT MD	
Eupa_00-01-17.163	Eupa_00-01-17.163.nt.37	NP	MD	HD
Eupa_00-01-17.165	Eupa_00-01-17.165.2	NP	DT MD	HD
Eupa_00-01-17.218	Eupa_00-01-17.218.1	NP	DT MD	
Eupa_00-01-17.221	Eupa_00-01-17.221.4	NP	DT MD	
Eupa_00-01-17.244	Eupa_00-01-17.244.21	NP	DT MD	
Eupa_00-01-17.270	Eupa_00-01-17.270.1	NP	MD	HD
Eupa_00-01-17.279	Eupa_00-01-17.279.10	NP	DT MD	
Eupa_00-01-17.329	Eupa_00-01-17.329.14	NP	DT MD	
Eupa_00-01-17.335	Eupa_00-01-17.335.12	NP	DT MD	
Eupa_00-01-17.342	Eupa_00-01-17.342.5	NP	DT MD	
Eupa_00-01-17.347	Eupa_00-01-17.347.5	NP	DT DT MD	
Eupa_00-01-17.352	Eupa_00-01-17.352.nt.16	NP	MD	HD
Eupa_00-01-17.356	Eupa_00-01-17.356.2	NP	DT MD	
Eupa_00-01-17.389	Eupa_00-01-17.389.3	NP	MD	HD
Eupa_00-01-17.405	Eupa_00-01-17.405.3	NP	MD	HD
Eupa_00-01-17.464	Eupa_00-01-17.464.4	NP	DT	HD
Eupa_00-01-17.476	Eupa_00-01-17.476.12	NP	DT MD	
Eupa_00-01-17.476	Eupa_00-01-17.476.9	NP	DT MD	HD MD
Eupa_00-01-17.477	Eupa_00-01-17.477.20	NP	MD	HD
Eupa_00-01-17.479	Eupa_00-01-17.479.3	NP	AN	HD
Eupa_00-01-17.480	Eupa_00-01-17.480.5	NP	DT MD	
Eupa_00-01-17.485	Eupa_00-01-17.485.18	NP	DT	HD
Eupa_00-01-17.489	Eupa_00-01-17.489.5	NP	DT MD	HD
Eupa_00-01-17.508	Eupa_00-01-17.508.4	NP	DT MD MD	HD MD
Eupa_00-01-17.510	Eupa_00-01-17.510.3	NP	DT MD	HD
Eupa_00-01-17.511	Eupa_00-01-17.511.28	NP	MD	HD
Eupa_00-01-17.511	Eupa_00-01-17.511.25	NP	MD	HD
Eupa_00-01-17.511	Eupa_00-01-17.511.14	NP	DT MD	HD
Eupa_00-01-17.522	Eupa_00-01-17.522.6	NP	DT MD	HD
Eupa_00-01-17.524	Eupa_00-01-17.524.16	NP	DT	HD
Eupa_00-01-17.532	Eupa_00-01-17.532.3	NP	MD	HD
Eupa_00-01-17.533	Eupa_00-01-17.533.32	NP	DT MD	HD
Eupa_00-01-17.535	Eupa_00-01-17.535.1	NP	DT MD	HD
Eupa_00-01-17.538	Eupa_00-01-17.538.1	NP	MD	HD
Eupa_00-01-17.541	Eupa_00-01-17.541.1	NP	DT MD	
Eupa_00-01-17.543	Eupa_00-01-17.543.4	NP	DT MD	HD
Eupa_00-01-17.552	Eupa_00-01-17.552.15	NP	MD	HD
Eupa_00-01-17.563	Eupa_00-01-17.563.1	NP	DT MD	
Eupa_00-01-17.591	Eupa_00-01-17.591.9	NP	DT MD	
Eupa_00-01-17.618	Eupa_00-01-17.618.16	NP	DT MD	MD HD
Eupa_00-01-17.620	Eupa_00-01-17.620.1	NP	DT MD	MD HD
Eupa_00-01-17.644	Eupa_00-01-17.644.4	NP	DT MD	HD MD
Eupa_00-01-17.662	Eupa_00-01-17.662.nt.20	NP	MD	HD
Eupa_00-01-17.663	Eupa_00-01-17.663.10	NP	DT MD	
Eupa_00-01-17.666	Eupa_00-01-17.666.19	NP	MD MD	HD
Eupa_00-01-17.695	Eupa_00-01-17.695.7	NP	DT MD	
Eupa_00-01-17.698	Eupa_00-01-17.698.34	NP	DT MD	
Eupa_00-01-17.708	Eupa_00-01-17.708.14	NP	DT MD	
Eupa_00-01-17.714	Eupa_00-01-17.714.12	NP	DT MD AN	
Eupa_00-01-17.716	Eupa_00-01-17.716.21	NP	DT MD	DT HD
Eupa_00-01-17.717	Eupa_00-01-17.717.23	NP	DT MD MD	
Eupa_00-01-17.722	Eupa_00-01-17.722.5	NP	DT MD	
Eupa_00-01-17.724	Eupa_00-01-17.724.4	NP	DT MD	
Eupa_00-01-17.731	Eupa_00-01-17.731.2	NP	MD	HD
Eupa_00-01-17.732	Eupa_00-01-17.732.11	NP	DT MD	
Eupa_00-01-17.744	Eupa_00-01-17.744.10	NP	DT MD AN	
Eupa_00-01-17.746	Eupa_00-01-17.746.4	NP	MD	HD
Eupa_00-01-17.767	Eupa_00-01-17.767.16	NP	DT MD	HD MD
Eupa_00-01-17.769	Eupa_00-01-17.769.1	NP	DT MD	HD
Eupa_00-01-17.796	Eupa_00-01-17.796.28	NP	DT MD MD	
Eupa_00-01-17.803	Eupa_00-01-17.803.9	NP	DT MD MD AN	
Eupa_00-01-17.803	Eupa_00-01-17.803.2	NP	DT MD	MD
Eupa_00-01-17.803	Eupa_00-01-17.803.3	NP	DT MD MD	
Eupa_00-01-17.804	Eupa_00-01-17.804.24	NP	DT MD	
Arbt_Fackfientlig.2	Arbt_Fackfientlig.2.nt.3	NP	DT MD MD	
Arbt_Fackfientlig.7	Arbt_Fackfientlig.7.nt.12	NP	DT MD	
Regr_254764.16	Regr_254764.16.4	NP	MD	HD
Arbt_Polisjakt.14	Arbt_Polisjakt.14.nt.12	NP	DT MD MD	
Digi_2014-08.20	Digi_2014-08.20.6	NP	DT MD	
Arbt_Hardkritik.23	Arbt_Hardkritik.23.nt.6	NP	DT AN	
Arbt_Hardkritik.30	Arbt_Hardkritik.30.nt.4	NP	DT MD	
Arbt_Vrede.3	Arbt_Vrede.3.nt.7	NP	DT MD	
Arbt_Vrede.13	Arbt_Vrede.13.nt.17	NP	DT MD	
Regr_255053.5	Regr_255053.5.10	NP	MD	MD HD MD
Regr_255268.3	Regr_255268.3.2	NP	MD	HD
Regr_255268.16	Regr_255268.16.3	NP	MD	MD
Regr_255268.16	Regr_255268.16.2	NP	MD	HD
Regr_255268.19	Regr_255268.19.2	NP	MD	HD
Regr_255022.20	Regr_255022.20.25	NP	MD	HD
Arbt_Folkomrostningen.21	Arbt_Folkomrostningen.21.nt.1	NP	DT MD	HD
Arbt_Ariel.8	Arbt_Ariel.8.nt.15	NP	MD DT	
Arbt_Ariel.11	Arbt_Ariel.11.nt.4	NP	DT MD MD	HD
Arbt_Ariel.12	Arbt_Ariel.12.nt.10	NP	DT MD MD	
Arbt_Ariel.22	Arbt_Ariel.22.nt.7	NP	MD	HD
Arbt_Ariel.33	Arbt_Ariel.33.nt.12	NP	DT MD	
Arbt_Ariel.38	Arbt_Ariel.38.nt.7	NP	DT MD MD	
Arbt_Ariel.40	Arbt_Ariel.40.nt.9	NP	DT MD	
Arbt_Ariel.53	Arbt_Ariel.53.nt.6	NP	DT MD MD	
Digi_2015-02.13	Digi_2015-02.13.4	NP	DT MD	MD HD
Arbt_Kraftigaprotester.23	Arbt_Kraftigaprotester.23.nt.11	NP	DT MD	
Regr_255926.5	Regr_255926.5.15	NP	MD MD	
Regr_255954.2	Regr_255954.2.1	NP	MD AN MD	
Digi_2014-05.4	Digi_2014-05.4.12	NP	DT	HD
Digi_2014-05.5	Digi_2014-05.5.18	NP	DT MD	
Digi_2014-05.6	Digi_2014-05.6.14	NP	DT	HD
Digi_2014-05.22	Digi_2014-05.22.7	NP	DT MD	
Digi_2014-05.26	Digi_2014-05.26.28	NP	DT MD	MD HD
Digi_2014-05.32	Digi_2014-05.32.3	NP	DT	HD MD
Digi_2014-05.34	Digi_2014-05.34.2	NP	DT MD MD	
Digi_2014-05.53	Digi_2014-05.53.8	NP	DT MD	
Arbt_Vardbolag.7	Arbt_Vardbolag.7.nt.11	NP	DT MD	
Arbt_Vardbolag.17	Arbt_Vardbolag.17.nt.22	NP	DT DT MD	
Regr_255284.17	Regr_255284.17.2	NP	DT MD	
Arbt_Spekulationer.3	Arbt_Spekulationer.3.nt.18	NP	DT	HD
Arbt_Spekulationer.12	Arbt_Spekulationer.12.nt.3	NP	DT	HD
Arbt_Spekulationer.17	Arbt_Spekulationer.17.nt.17	NP	DT MD	
Regr_255175.4	Regr_255175.4.16	NP	DT MD	HD MD
Regr_255670.6	Regr_255670.6.2	NP	DT MD	HD
Arbt_Vansterpartiets.21	Arbt_Vansterpartiets.21.nt.10	NP	MD	HD
Arbt_Vansterpartiets.23	Arbt_Vansterpartiets.23.nt.1	NP	MD AN	
Arbt_Vansterpartiets.27	Arbt_Vansterpartiets.27.nt.3	NP	MD DT MD	
Arbt_Vansterpartiets.31	Arbt_Vansterpartiets.31.nt.6	NP	DT MD	
Regr_255193.8	Regr_255193.8.13	NP	MD	HD
Regr_255193.8	Regr_255193.8.4	NP	DT MD	
Regr_255706.1	Regr_255706.1.4	NP	MD	HD MD
Regr_255706.3	Regr_255706.3.14	NP	MD	HD MD
Digi_2014-11.8	Digi_2014-11.8.2	NP	DT AN	
Digi_2014-11.29	Digi_2014-11.29.3	NP	DT AN MD	
Regr_254981.4	Regr_254981.4.3	NP	DT MD	
Regr_254981.13	Regr_254981.13.16	NP	DT	HD
Arbt_Smutsigvalkampanj.10	Arbt_Smutsigvalkampanj.10.nt.16	NP	MD	HD
Arbt_Olagligjakt.12	Arbt_Olagligjakt.12.nt.7	NP	DT MD	
Arbt_Iandrahand.3	Arbt_Iandrahand.3.nt.9	NP	DT MD	
Arbt_Iandrahand.6	Arbt_Iandrahand.6.nt.13	NP	DT MD	
Arbt_Iandrahand.6	Arbt_Iandrahand.6.nt.7	NP	DT MD	
Arbt_Iandrahand.9	Arbt_Iandrahand.9.nt.11	NP	DT MD	
Arbt_Iandrahand.10	Arbt_Iandrahand.10.nt.12	NP	DT MD	
Arbt_Hokarangenbor.3	Arbt_Hokarangenbor.3.nt.4	NP	DT MD	
Arbt_Hokarangenbor.13	Arbt_Hokarangenbor.13.nt.3	NP	MD MD	
Arbt_Hokarangenbor.14	Arbt_Hokarangenbor.14.nt.3	NP	DT MD	
Regr_255701.4	Regr_255701.4.2	NP	MD	HD
Regr_255701.12	Regr_255701.12.19	NP	DT	HD AN MD
Regr_255566.10	Regr_255566.10.6	NP	MD DT MD	
Arbt_Barnen.3	Arbt_Barnen.3.nt.15	NP	DT MD MD	
Arbt_Barnen.3	Arbt_Barnen.3.nt.10	NP	DT MD	MD
Arbt_Barnen.6	Arbt_Barnen.6.nt.17	NP	DT	
Arbt_Barnen.9	Arbt_Barnen.9.nt.4	NP	DT MD MD	MD
Arbt_Barnen.18	Arbt_Barnen.18.nt.16	NP	DT	HD
Arbt_Riskerna.6	Arbt_Riskerna.6.nt.12	NP	DT MD MD	
Arbt_Riskerna.20	Arbt_Riskerna.20.nt.7	NP	DT MD	
Romn_Lundqvist-Ingentobak.20	Romn_Lundqvist-Ingentobak.20.2	NP	MD	HD
Romn_Lundqvist-Ingentobak.22	Romn_Lundqvist-Ingentobak.22.26	NP	MD MD	
Romn_Lundqvist-Ingentobak.45	Romn_Lundqvist-Ingentobak.45.2	NP	DT MD	HD
Romn_Lundqvist-Ingentobak.47	Romn_Lundqvist-Ingentobak.47.8	NP	MD	HD
Romn_Lundqvist-Ingentobak.104	Romn_Lundqvist-Ingentobak.104.2	NP	DT	HD
Romn_Lundqvist-Ingentobak.184	Romn_Lundqvist-Ingentobak.184.2	NP	DT MD	
Romn_Lundqvist-Ingentobak.227	Romn_Lundqvist-Ingentobak.227.6	NP	DT MD	
Romn_Lundqvist-Ingentobak.338	Romn_Lundqvist-Ingentobak.338.2	NP	DT MD	
Romn_Bjelvehammar-TageBengtsson.8	Romn_Bjelvehammar-TageBengtsson.8.3	NP	DT DT MD	
Romn_Bjelvehammar-TageBengtsson.41	Romn_Bjelvehammar-TageBengtsson.41.18	NP	MD	HD
Romn_Bjelvehammar-TageBengtsson.67	Romn_Bjelvehammar-TageBengtsson.67.17	NP	DT MD	
Romn_Bjelvehammar-TageBengtsson.150	Romn_Bjelvehammar-TageBengtsson.150.13	NP	DT MD	
Romn_Bjelvehammar-TageBengtsson.216	Romn_Bjelvehammar-TageBengtsson.216.1	NP	DT MD	
Romn_Bjelvehammar-TageBengtsson.217	Romn_Bjelvehammar-TageBengtsson.217.6	NP	DT MD	HD MD
Romn_Bjelvehammar-TageBengtsson.222	Romn_Bjelvehammar-TageBengtsson.222.7	NP	MD	HD
Romn_Bjelvehammar-TageBengtsson.235	Romn_Bjelvehammar-TageBengtsson.235.9	NP	DT MD	
Romn_Bjelvehammar-TageBengtsson.239	Romn_Bjelvehammar-TageBengtsson.239.16	NP	DT MD AN	
Romn_Bjelvehammar-TageBengtsson.239	Romn_Bjelvehammar-TageBengtsson.239.14	NP	DT MD	
Romn_Bjelvehammar-TageBengtsson.239	Romn_Bjelvehammar-TageBengtsson.239.24	NP	MD MD	HD
Romn_Holmsen-Polynesiskpassad.51	Romn_Holmsen-Polynesiskpassad.51.9	NP	DT MD	
Romn_Holmsen-Polynesiskpassad.153	Romn_Holmsen-Polynesiskpassad.153.6	NP	DT MD	
Romn_Holmsen-Polynesiskpassad.160	Romn_Holmsen-Polynesiskpassad.160.8	NP	DT MD	
Romn_Holmsen-Polynesiskpassad.168	Romn_Holmsen-Polynesiskpassad.168.3	NP	DT MD	
Romn_Holmsen-Polynesiskpassad.183	Romn_Holmsen-Polynesiskpassad.183.4	NP	DT MD	
Romn_Holmsen-Polynesiskpassad.196	Romn_Holmsen-Polynesiskpassad.196.10	NP	MD	HD
Romn_Holmsen-Polynesiskpassad.209	Romn_Holmsen-Polynesiskpassad.209.8	NP	DT MD MD AN	
Romn_Holmsen-Polynesiskpassad.209	Romn_Holmsen-Polynesiskpassad.209.1	NP	DT MD	
Romn_Holmsen-Polynesiskpassad.337	Romn_Holmsen-Polynesiskpassad.337.2	NP	DT	HD
Romn_Holmsen-Polynesiskpassad.341	Romn_Holmsen-Polynesiskpassad.341.4	NP	DT MD	HD
Romn_Holmsen-Polynesiskpassad.404	Romn_Holmsen-Polynesiskpassad.404.6	NP	MD	HD
Romn_Holmsen-Polynesiskpassad.413	Romn_Holmsen-Polynesiskpassad.413.3	NP	DT MD	
Romn_Strand-Pagarna.70	Romn_Strand-Pagarna.70.3	NP	DT	HD
Romn_Strand-Pagarna.70	Romn_Strand-Pagarna.70.4	NP	DT	HD
Romn_Strand-Pagarna.175	Romn_Strand-Pagarna.175.3	NP	MD	MD HD
Romn_Strand-Pagarna.198	Romn_Strand-Pagarna.198.3	NP	MD MD	
Romn_Strand-Pagarna.214	Romn_Strand-Pagarna.214.3	NP	DT MD	HD
Romn_Strand-Pagarna.250	Romn_Strand-Pagarna.250.8	NP	DT MD	
Romn_Strand-Pagarna.250	Romn_Strand-Pagarna.250.1	NP	DT MD	
Romn_Strand-Pagarna.275	Romn_Strand-Pagarna.275.8	NP	DT MD	
Romn_Strand-Pagarna.294	Romn_Strand-Pagarna.294.10	NP	DT MD	HD
Romn_Strand-Pagarna.302	Romn_Strand-Pagarna.302.3	NP	MD	HD
Romn_Strand-Pagarna.308	Romn_Strand-Pagarna.308.4	NP	DT MD	
Romn_Strand-Pagarna.360	Romn_Strand-Pagarna.360.6	NP	DT MD	
Romn_Strand-Pagarna.368	Romn_Strand-Pagarna.368.nt.13	NP	DT	MD
Romn_Strand-Pagarna.374	Romn_Strand-Pagarna.374.9	NP	MD	PH
Romn_Strand-Pagarna.378	Romn_Strand-Pagarna.378.21	NP	DT MD	
Romn_Strand-Pagarna.390	Romn_Strand-Pagarna.390.2	NP	DT MD	HD
Wiki_Asterix.21	Wiki_Asterix.21.19	NP	DT	HD
Wiki_Asterix.29	Wiki_Asterix.29.2	NP	DT MD	
Wiki_Asterix.30	Wiki_Asterix.30.1	NP	DT MD	
Wiki_Asterix.32	Wiki_Asterix.32.21	NP	MD	HD
Wiki_Asterix.33	Wiki_Asterix.33.5	NP	DT MD	MD
Wiki_Asterix.34	Wiki_Asterix.34.6	NP	DT MD	
Wiki_Asterix.38	Wiki_Asterix.38.8	NP	DT MD MD	
Wiki_Asterix.39	Wiki_Asterix.39.5	NP	DT MD MD	
Wiki_Asterix.48	Wiki_Asterix.48.3	NP	DT MD	
Wiki_Asterix.53	Wiki_Asterix.53.5	NP	MD	HD
Wiki_Asterix.57	Wiki_Asterix.57.4	NP	DT MD	
Wiki_Asterix.61	Wiki_Asterix.61.nt.17	NP	DT MD	MD
Wiki_Asterix.73	Wiki_Asterix.73.15	NP	DT MD MD	
Wiki_Asterix.83	Wiki_Asterix.83.5	NP	MD	HD
Wiki_Asterix.97	Wiki_Asterix.97.12	NP	DT MD	
Wiki_Asterix.97	Wiki_Asterix.97.10	NP	DT MD MD MD	
Wiki_Kvadrat.7	Wiki_Kvadrat.7.6	NP	DT MD MD	
Wiki_LillaMy.18	Wiki_LillaMy.18.14	NP	DT MD MD	
Wiki_LillaMy.21	Wiki_LillaMy.21.8	NP	DT MD	
Wiki_Hastighetsmatare.6	Wiki_Hastighetsmatare.6.6	NP	MD	HD
Wiki_Hastighetsmatare.6	Wiki_Hastighetsmatare.6.7	NP	MD	HD
Wiki_Hastighetsmatare.22	Wiki_Hastighetsmatare.22.2	NP	DT MD	
Wiki_HarryPotter.19	Wiki_HarryPotter.19.17	NP	DT MD	
Wiki_HarryPotter.31	Wiki_HarryPotter.31.3	NP	DT	HD
Wiki_HarryPotter.32	Wiki_HarryPotter.32.4	NP	DT MD	HD
Wiki_HarryPotter.32	Wiki_HarryPotter.32.3	NP	MD	DT HD
Wiki_HarryPotter.32	Wiki_HarryPotter.32.2	NP	MD	DT HD
Wiki_HarryPotter.34	Wiki_HarryPotter.34.1	NP	DT MD	HD
Wiki_HarryPotter.34	Wiki_HarryPotter.34.2	NP	MD	HD DT
Wiki_HarryPotter.37	Wiki_HarryPotter.37.3	NP	DT MD	HD
Wiki_HarryPotter.47	Wiki_HarryPotter.47.23	NP	DT MD MD	
Wiki_HarryPotter.55	Wiki_HarryPotter.55.10	NP	DT MD MD	HD
Wiki_HarryPotter.56	Wiki_HarryPotter.56.4	NP	AN	HD
Wiki_HarryPotter.56	Wiki_HarryPotter.56.5	NP	AN	HD
Wiki_HarryPotter.81	Wiki_HarryPotter.81.3	NP	DT AN	
Wiki_HarryPotter.104	Wiki_HarryPotter.104.12	NP	MD	HD
Wiki_HarryPotter.113	Wiki_HarryPotter.113.3	NP	DT MD	
Wiki_HarryPotter.113	Wiki_HarryPotter.113.27	NP	DT	HD
Wiki_HarryPotter.116	Wiki_HarryPotter.116.8	NP	DT MD	
Wiki_HarryPotter.130	Wiki_HarryPotter.130.18	NP	DT DT MD	
Wiki_Saganomringenfilm.63	Wiki_Saganomringenfilm.63.1	NP	DT MD	
Wiki_Saganomringenfilm.75	Wiki_Saganomringenfilm.75.12	NP	MD	HD
Wiki_Saganomringenfilm.80	Wiki_Saganomringenfilm.80.7	NP	DT MD	
Wiki_Semester.9	Wiki_Semester.9.7	NP	DT	MD HD
Wiki_VascodaGama.4	Wiki_VascodaGama.4.nt.37	NP	DT	MD
Wiki_VascodaGama.4	Wiki_VascodaGama.4.10	NP	DT MD DT	MD
Wiki_VascodaGama.26	Wiki_VascodaGama.26.17	NP	DT MD	HD
Wiki_VascodaGama.32	Wiki_VascodaGama.32.12	NP	MD	HD
Wiki_VascodaGama.39	Wiki_VascodaGama.39.3	NP	DT	HD
Wiki_VascodaGama.68	Wiki_VascodaGama.68.18	NP	DT MD	
Wiki_VascodaGama.84	Wiki_VascodaGama.84.4	NP	DT MD MD	HD
Wiki_Symaskin.4	Wiki_Symaskin.4.17	NP	MD	HD
Wiki_Symaskin.4	Wiki_Symaskin.4.3	NP	MD MD MD	HD
Wiki_Symaskin.9	Wiki_Symaskin.9.3	NP	MD	HD
Wiki_Symaskin.16	Wiki_Symaskin.16.3	NP	DT MD	
Wiki_Symaskin.40	Wiki_Symaskin.40.9	NP	DT MD	
Wiki_Symaskin.63	Wiki_Symaskin.63.7	NP	MD	HD
Wiki_Vader.31	Wiki_Vader.31.5	NP	DT MD	
Wiki_Vader.31	Wiki_Vader.31.2	NP	DT MD	HD
Wiki_Vader.38	Wiki_Vader.38.1	NP	MD	HD
Wiki_Vader.50	Wiki_Vader.50.10	NP	MD MD	HD
Wiki_Vader.59	Wiki_Vader.59.8	NP	MD	MD HD
Wiki_Vader.60	Wiki_Vader.61.2	NP	MD	HD
Wiki_Vader.71	Wiki_Vader.71.3	NP	DT	HD
Wiki_Vader.155	Wiki_Vader.155.3	NP	DT MD	MD HD
Wiki_Vader.157	Wiki_Vader.157.6	NP	AN MD	HD
Wiki_Vader.166	Wiki_Vader.166.5	NP	MD DT MD	
Wiki_Vader.168	Wiki_Vader.168.24	NP	MD MD	
Wiki_Vader.195	Wiki_Vader.195.5	NP	DT MD	
Wiki_Vader.201	Wiki_Vader.201.7	NP	DT MD	
Wiki_AlexanderFleming.6	Wiki_AlexanderFleming.6.6	NP	DT MD	
Wiki_AlexanderFleming.12	Wiki_AlexanderFleming.12.1	NP	MD AN	
Wiki_AlexanderFleming.22	Wiki_AlexanderFleming.22.9	NP	DT MD	
Wiki_MiominMio.47	Wiki_MiominMio.47.21	NP	DT MD	
Wiki_MiominMio.69	Wiki_MiominMio.69.14	NP	DT DT	
Wiki_MiominMio.71	Wiki_MiominMio.71.8	NP	DT	HD
Wiki_MiominMio.78	Wiki_MiominMio.78.8	NP	DT DT	
Wiki_MiominMio.78	Wiki_MiominMio.78.14	NP	DT MD	
Wiki_MiominMio.79	Wiki_MiominMio.79.3	NP	DT DT	
Wiki_MiominMio.90	Wiki_MiominMio.90.1	NP	DT DT	
Wiki_MiominMio.148	Wiki_MiominMio.148.5	NP	DT MD	HD
Wiki_Jonssonligan.3	Wiki_Jonssonligan.3.10	NP	DT MD	HD
Wiki_Jonssonligan.32	Wiki_Jonssonligan.32.18	NP	DT	HD
Wiki_Jonssonligan.32	Wiki_Jonssonligan.32.14	NP	DT MD	HD
Wiki_Jonssonligan.36	Wiki_Jonssonligan.36.5	NP	DT MD MD	
Wiki_Jonssonligan.50	Wiki_Jonssonligan.50.15	NP	DT AN	
Wiki_Sverigesriksdag.50	Wiki_Sverigesriksdag.50.6	NP	DT	HD
Wiki_Sverigesriksdag.58	Wiki_Sverigesriksdag.58.7	NP	MD	HD
Wiki_Sverigesriksdag.58	Wiki_Sverigesriksdag.58.6	NP	MD	HD
Wiki_Sverigesriksdag.72	Wiki_Sverigesriksdag.72.7	NP	MD MD	
Wiki_Sverigesriksdag.82	Wiki_Sverigesriksdag.82.11	NP	MD	HD
Wiki_Sverigesriksdag.86	Wiki_Sverigesriksdag.86.13	NP	DT	HD
Wiki_Sverigesriksdag.97	Wiki_Sverigesriksdag.97.4	NP	DT	HD
Wiki_Sverigesriksdag.101	Wiki_Sverigesriksdag.101.3	NP	DT MD	HD
Wiki_Sverigesriksdag.108	Wiki_Sverigesriksdag.108.5	NP	DT	HD
Wiki_Sverigesriksdag.109	Wiki_Sverigesriksdag.109.2	NP	DT MD	
Blog_265827-15106306.11	Blog_265827-15106306.11.1	PP	OO	HD
Blog_6843-5164672.9	Blog_6843-5164672.9.20	PP	MD OO	HD
Blog_5089-62681.15	Blog_5089-62681.15.8	PP	OO	HD
Eupa_00-01-17.349	Eupa_00-01-17.349.5	PP	OO	HD
Eupa_00-01-17.356	Eupa_00-01-17.356.9	PP	OO OO	
Eupa_00-01-17.640	Eupa_00-01-17.640.44	PP	OO	HD
Eupa_00-01-17.707	Eupa_00-01-17.707.9	PP	MD OO	HD
Arbt_Ariel.19	Arbt_Ariel.19.5	PP	OO	HD
Romn_Lundqvist-Ingentobak.113	Romn_Lundqvist-Ingentobak.113.35	PP	OO	
Romn_Lundqvist-Ingentobak.113	Romn_Lundqvist-Ingentobak.113.24	PP	OO	HD
Romn_Lundqvist-Ingentobak.113	Romn_Lundqvist-Ingentobak.113.26	PP	OO	HD
Romn_Lundqvist-Ingentobak.113	Romn_Lundqvist-Ingentobak.113.28	PP	OO	HD
Romn_Lundqvist-Ingentobak.405	Romn_Lundqvist-Ingentobak.405.9	PP	OO OO	
Romn_Bjelvehammar-TageBengtsson.114	Romn_Bjelvehammar-TageBengtsson.114.7	PP	OO	HD
Romn_Bjelvehammar-TageBengtsson.211	Romn_Bjelvehammar-TageBengtsson.211.15	PP	OO	HD
Romn_Strand-Pagarna.172	Romn_Strand-Pagarna.172.6	PP	OO	HD
Wiki_Vader.55	Wiki_Vader.55.4	PP	OO	HD
Wiki_Vader.79	Wiki_Vader.79.4	PP	OO	HD
Wiki_MiominMio.139	Wiki_MiominMio.139.nt.7	PP	OO	HD
Wiki_Sverigesriksdag.86	Wiki_Sverigesriksdag.86.5	PP	OO	HD
Wiki_Sverigesriksdag.86	Wiki_Sverigesriksdag.86.8	PP	OO	HD
Blog_160886-12595823.16	Blog_160886-12595823.16.2	S	MD MD SP	
Blog_160886-12595823.18	Blog_160886-12595823.18.2	S	MD SP	SB HD
Blog_160886-12595823.21	Blog_160886-12595823.21.5	S	IV	HD
Blog_160886-11338599.1	Blog_160886-11338599.1.6	S	SB IV	
Blog_160886-11338599.1	Blog_160886-11338599.1.5	S	IV	SB
Blog_160886-11338599.6	Blog_160886-11338599.6.5	S	MD MD	SB HD OO
Blog_160886-11338599.9	Blog_160886-11338599.9.6	S	MD MD	
Blog_160886-11338557.1	Blog_160886-11338557.1.10	S	SB IV	
Blog_160886-11338557.7	Blog_160886-11338557.7.4	S	SB IV	
Blog_160886-11338557.11	Blog_160886-11338557.11.6	S	JF SP SB	
Blog_160886-11338557.12	Blog_160886-11338557.12.6	S	DF SP SB DF DF	
Blog_160886-12591771.9c	Blog_160886-12591771.9.8	S	SB MD IV	
Blog_160886-11338497.2	Blog_160886-11338497.2.5	S	IV	SB
Blog_160886-11338497.10	Blog_160886-11338497.10.11	S	SB MD IV	
Blog_160886-11338497.21	Blog_160886-11338497.21.nt.16	S	SP MD	
Blog_160886-11338497.21	Blog_160886-11338497.21.10	S	SB IV	
Blog_188519-10179826.5	Blog_188519-10179826.5.6	S	IV	SB HD
Blog_188519-10179826.17	Blog_188519-10179826.17.8	S	MD IV	HD SB MD
Blog_188519-10542620.15	Blog_188519-10542620.15.12	S	IV	HD SB
Blog_188519-10542620.34	Blog_188519-10542620.34.5	S	IV	HD SB
Blog_188519-10542620.36	Blog_188519-10542620.36.7	S	IV	MD HD SB MD
Blog_13263-144355.2	Blog_13263-144355.2.9	S	MD OO MD	
Blog_13263-144355.3	Blog_13263-144355.3.2	S	SB RA	
Blog_13263-144355.3	Blog_13263-144355.3.3	S	SB RA	
Blog_13263-255637.2	Blog_13263-255637.2.7	S	SP	MD MD MD SB HD
Blog_13263-255637.2	Blog_13263-255637.2.6	S	MD SP	MD MD MD SB HD
Blog_13263-862913.2	Blog_13263-862913.2.4	S	OA	HD MD SB
Blog_13263-813010.3	Blog_13263-813010.3.4	S	IV	SB HD MD
Blog_13263-691527.3	Blog_13263-691527.3.10	S	SP	HD SB
Blog_13263-728008.1	Blog_13263-728008.1.7	S	SB IV	
Blog_13263-596973.2	Blog_13263-596973.2.5	S	IV	HD SB
Blog_13263-1087147.3	Blog_13263-1087147.3.13	S	OO	SB HD
Blog_13263-236413.2	Blog_13263-236413.2.14	S	MD SP	
Blog_13263-236413.2	Blog_13263-236413.2.12	S	MD MD SP	
Blog_13263-313966.1	Blog_13263-313966.1.9	S	DF MD IV	
Blog_13263-313966.1	Blog_13263-313966.1.11	S	MD MD SB SB SP	
Blog_13263-24167.3	Blog_13263-24167.3.10	S	IV	HD SB
Blog_13263-24167.3	Blog_13263-24167.3.9	S	IV	HD SB
Blog_13263-513530.4	Blog_13263-513530.4.9	S	PL RA	HD SB
Blog_12325-1398819.18	Blog_12325-1398819.18.11	S	SB IV	
Blog_12325-1398819.25	Blog_12325-1398819.25.6	S	IV	HD
Blog_12325-1398819.27a	Blog_12325-1398819.27a.6	S	SP	SB HD
Blog_12325-2172538.10	Blog_12325-2172538.10.4	S	DF SB OA	
Blog_12325-1621221.4	Blog_12325-1621221.4.nt.13	S	SB SP	
Blog_12325-2413172.1	Blog_12325-2413172.1.1	S	SP MD	
Blog_12325-2413172.7	Blog_12325-2413172.7.16	S	SP	SB HD
Blog_12325-2413172.12	Blog_12325-2413172.12.7	S	MD OO MD	
Blog_12325-2413172.13	Blog_12325-2413172.13.14	S	SB IV	
Blog_12325-2413172.13	Blog_12325-2413172.13.10	S	SB IV	
Blog_12325-2413172.19	Blog_12325-2413172.19.nt.9	S	OO MD MD	
Blog_12325-2413172.20	Blog_12325-2413172.20.nt.7	S	DF OO MD	
Blog_12325-2413172.23	Blog_12325-2413172.23.nt.3	S	DF DF OO	
Blog_12325-1884438.1	Blog_12325-1884438.1.3	S	MD	
Blog_12325-1884438.6	Blog_12325-1884438.6.10	S	SB	RA HD
Blog_12325-1189192.9	Blog_12325-1189192.9.nt.5	S	MD	SB HD SP
Blog_12325-1189192.10	Blog_12325-1189192.10.15	S	SB IV	
Blog_26224-3394076.1	Blog_26224-3394076.1.1	S	SP MD	
Blog_26224-1714803.1	Blog_26224-1714803.1.5	S	MD OO	SB HD
Blog_26224-1714803.5	Blog_26224-1714803.5.1	S	SB MD	
Blog_26224-1042486.1	Blog_26224-1042486.1.6	S	SB IV	
Blog_265827-14454547.14	Blog_265827-14454547.14.2	S	SP MD	
Blog_265827-14454547.20	Blog_265827-14454547.20.1	S	MD SP	
Blog_265827-14844249.3	Blog_265827-14844249.3.6	S	MD	OO HD
Blog_265827-14989915.2	Blog_265827-14989915.2.7	S	IV	SB HD MD
Blog_265827-15165011.1	Blog_265827-15165011.1.nt.9	S	OO MD	
Blog_265827-14454566.3	Blog_265827-14454566.3.4	S	IV	MD SB HD
Blog_265827-14454804.3	Blog_265827-14454804.3.nt.6	S	SP DF	
Blog_265827-14454804.5	Blog_265827-14454804.5.6	S	SP	HD SB
Blog_265827-14454804.7	Blog_265827-14454804.7.12	S	IV	SB HD
Blog_265827-14889090.3	Blog_265827-14889090.3.6	S	DF MD SP	
Blog_265827-14889090.4	Blog_265827-14889090.4.2	S	DF OO	
Blog_265827-14455040.3	Blog_265827-14455040.3.2	S	IV	SB MD MD HD
Blog_265827-14922303.1	Blog_265827-14922303.1.1	S	DF MD MD MD	
Blog_265827-15246480.4	Blog_265827-15246480.4.3	S	DF SP MD	
Blog_265827-14455131.3	Blog_265827-14455131.3.4	S	IV	HD SB
Blog_265827-15106306.4	Blog_265827-15106306.4.7	S	IV	HD SB
Blog_265827-15106306.11	Blog_265827-15106306.11.7	S	PL OA	
Blog_265827-15106306.11	Blog_265827-15106306.11.10	S	MD OA	PL
Blog_265827-15106306.13	Blog_265827-15106306.13.3	S	SB SP	
Blog_265827-15106306.14	Blog_265827-15106306.14.3	S	SB SP	
Blog_265827-14749673.5	Blog_265827-14749673.5.nt.7	S	SP DF	
Blog_265827-14749673.5	Blog_265827-14749673.5.nt.4	S	MD SP	
Blog_265827-14749673.5	Blog_265827-14749673.5.nt.5	S	MD SP	
Blog_265827-15106304.2	Blog_265827-15106304.2.9	S	IV	MD SB HD MD
Blog_6843-5164672.12	Blog_6843-5164672.12.8	S	IV	SB RA HD
Blog_6843-5164672.15	Blog_6843-5164672.15.8	S	IV	SB HD MD MD
Blog_6843-4328736.4	Blog_6843-4328736.4.1	S	SB SP	HD
Blog_6843-3465275.7	Blog_6843-3465275.7.10	S	MD SP	HD SB
Blog_6843-3465275.10	Blog_6843-3465275.10.3	S	SB SP	
Blog_6843-3465275.11	Blog_6843-3465275.11.3	S	SB SP	
Blog_6843-3465275.12	Blog_6843-3465275.12.2	S	SB SP	
Blog_6843-3465275.13	Blog_6843-3465275.13.2	S	SB SP	
Blog_6843-3465275.14	Blog_6843-3465275.14.1	S	SB SP	
Blog_6843-3465275.15a	Blog_6843-3465275.15a.2	S	SB	
Blog_6843-3465275.15b	Blog_6843-3465275.15b.1	S	SP MD	
Blog_6843-2767923.18	Blog_6843-2767923.18.12	S	SB MD IV	
Blog_6843-2767923.19	Blog_6843-2767923.19.22	S	MD	OO HD SB
Blog_5089-9048317.2	Blog_5089-9048317.2.nt.7	S	DF MD MD RA MD DF	
Blog_5089-9048317.4	Blog_5089-9048317.4.3	S	SB MD IV	
Blog_5089-9048317.15	Blog_5089-9048317.15.11	S	SB MD IV	
Blog_5089-9048317.16	Blog_5089-9048317.16.3	S	PL OA	
Blog_5089-9048317.16	Blog_5089-9048317.16.9	S	PL OA	
Blog_5089-9048317.17	Blog_5089-9048317.17.7	S	SB IV	
Blog_5089-9048317.33	Blog_5089-9048317.33.9	S	ES MD	SB HD
Blog_5089-9048317.35	Blog_5089-9048317.35.8	S	SB IV	MD
Blog_5089-9048317.36	Blog_5089-9048317.36.16	S	SB IV	
Blog_5089-9048317.36	Blog_5089-9048317.36.8	S	IV	SB
Blog_5089-9048317.39	Blog_5089-9048317.39.9	S	MD OA RA	SB HD
Blog_5089-12282516.5	Blog_5089-12282516.5.4	S	SB IV	
Blog_5089-12282516.6	Blog_5089-12282516.6.2	S	IV	SB HD
Blog_5089-12282516.7	Blog_5089-12282516.7.16	S	SB MD	
Blog_5089-12282516.14	Blog_5089-12282516.14.3	S	SB IV	HD
Blog_5089-12282516.25	Blog_5089-12282516.25.14	S	MD RA	SB HD
Blog_5089-12282516.29	Blog_5089-12282516.29.3	S	SB IV	
Blog_5089-12282516.31	Blog_5089-12282516.31.nt.12	S	SP MD DF	
Blog_5089-3694482.2	Blog_5089-3694482.2.5	S	SB IV	
Blog_5089-3694482.6	Blog_5089-3694482.6.4	S	SB IV	
Blog_5089-3694482.14	Blog_5089-3694482.14.4	S	SP MD	
Blog_5089-3694482.15	Blog_5089-3694482.15.15	S	IV	HD SB
Blog_5089-3694482.15	Blog_5089-3694482.15.7	S	IV MD	HD MD SB
Blog_5089-9240616.11	Blog_5089-9240616.11.12	S	MD RA MD	OO SB HD
Blog_5089-9240616.11	Blog_5089-9240616.11.10	S	SB MD IV	
Blog_5089-9240616.11	Blog_5089-9240616.11.7	S	SB IV	
Blog_5089-9240616.20	Blog_5089-9240616.20.16	S	SB IV DF	
Blog_5089-9240616.20	Blog_5089-9240616.20.12	S	IV	SB
Blog_5089-9240616.26	Blog_5089-9240616.26.26	S	IV	SB HD
Blog_5089-9240616.33	Blog_5089-9240616.33.9	S	SB IV	
Blog_5089-9240616.37	Blog_5089-9240616.37.14	S	MD IV	HD SB
Blog_5089-62681.6	Blog_5089-62681.6.9	S	SB IV	
Blog_5089-62681.15	Blog_5089-62681.15.13	S	SP MD	SB HD
Blog_5089-62681.15	Blog_5089-62681.15.2	S	SB IV	
Blog_5089-62681.24	Blog_5089-62681.24.10	S	SP MD	
Blog_5089-62681.25	Blog_5089-62681.25.4	S	IV	HD SB
Blog_5089-62681.31	Blog_5089-62681.31.9	S	MD PL MD MD	
Blog_9154-5334916.7	Blog_9154-5334916.7.2	S	MD MD IV	SB
Blog_9154-6030495.4	Blog_9154-6030495.4.11	S	MD SP EF	HD SB MD
Blog_9154-6030495.4	Blog_9154-6030495.4.5	S	SP	HD SB MD
Blog_9154-6030495.11	Blog_9154-6030495.11.7	S	MD IV	SB HD
Blog_9154-6030495.11	Blog_9154-6030495.11.11	S	IV	SB HD
Blog_9154-6030495.11	Blog_9154-6030495.11.12	S	IV	SB HD
Blog_9154-6336623.3	Blog_9154-6336623.3.5	S	MD IV	SB
Blog_9154-6336623.9	Blog_9154-6336623.9.14	S	SB IV	
Blog_9154-501423.2	Blog_9154-501423.2.21	S	IV MD	MD HD SB
Blog_9154-4949551.1	Blog_9154-4949551.1.15	S	IV	SB
Blog_9154-4949551.3	Blog_9154-4949551.3.nt.6	S	MD OO	
Blog_9154-4949551.5	Blog_9154-4949551.5.3	S	MD SP	
Blog_54523-7856343.2	Blog_54523-7856343.2.22	S	DF PL MD	
Blog_54523-7856343.2	Blog_54523-7856343.2.21	S	PL MD	
Blog_54523-7856343.6	Blog_54523-7856343.6.13	S	MD IV	RA SB HD
Blog_54523-7856343.7	Blog_54523-7856343.7.5	S	SB IV	
Blog_54523-7856343.8	Blog_54523-7856343.8.33	S	OO OP	
Blog_54523-7856343.8	Blog_54523-7856343.8.18	S	SB MD IV	
Blog_54523-7856343.8	Blog_54523-7856343.8.6	S	SB IV	
Blog_54523-7856343.14	Blog_54523-7856343.14.26	S	IV	HD
Blog_54523-7856343.14	Blog_54523-7856343.14.27	S	OO	
Blog_54523-7856343.14	Blog_54523-7856343.14.14	S	PL MD	
Blog_54523-7856343.21	Blog_54523-7856343.21.nt.10	S	OO MD	
Blog_54523-8202951.1	Blog_54523-8202951.1.11	S	SP SB	
Blog_54523-8202951.3	Blog_54523-8202951.3.5	S	IV	HD SB
Blog_54523-8202951.4	Blog_54523-8202951.4.12	S	SB IV	
Blog_54523-8202951.5	Blog_54523-8202951.5.11	S	MD OA DF	HD SB MD
Blog_54523-8202951.7	Blog_54523-8202951.7.9	S	SB MD IV	
Blog_54523-9913239.9	Blog_54523-9913239.9.22	S	DF SB	
Blog_54523-9913239.9	Blog_54523-9913239.9.14	S	IV	SB HD
Blog_54523-9913239.11	Blog_54523-9913239.11.29	S	MD SB	HD OO
Blog_54523-6490319.2	Blog_54523-6490319.2.14	S	SB MD IV	
Blog_54523-6490319.2	Blog_54523-6490319.2.40	S	SB MD IV	
Blog_54523-6490319.4	Blog_54523-6490319.4.10	S	IV	HD SB MD
Blog_54523-9491151.2	Blog_54523-9491151.2.9	S	MD RA	
Blog_54523-9491151.2	Blog_54523-9491151.2.12	S	IV	MD
Blog_54523-9491151.2	Blog_54523-9491151.2.7	S	MD RA MD	
Blog_54523-9491151.3	Blog_54523-9491151.3.5	S	DF MD RA	
Blog_54523-9491151.3	Blog_54523-9491151.3.7	S	IV	MD
Blog_54523-9491151.5	Blog_54523-9491151.5.11	S	DF MD IV SB	
Blog_54523-9491151.12	Blog_54523-9491151.12.5	S	SP	SB HD MD
Blog_54523-4665614.5	Blog_54523-4665614.5.8	S	MD OO MD	
Blog_54523-4665614.6	Blog_54523-4665614.6.15	S	SB MD IV MD	
Blog_54523-14269154.1	Blog_54523-14269154.1.56	S	SB IV	MD
Blog_54523-14269154.1	Blog_54523-14269154.1.63	S	IV	SB
Blog_54523-14269154.12	Blog_54523-14269154.12.34	S	IV	SB HD
Blog_54523-14269154.12	Blog_54523-14269154.12.35	S	IV	SB HD
Eupa_00-01-17.3	Eupa_00-01-17.3.3	S	SB IV	
Eupa_00-01-17.4	Eupa_00-01-17.4.5	S	SB IV	
Eupa_00-01-17.5	Eupa_00-01-17.5.2	S	MD IV	SB
Eupa_00-01-17.7	Eupa_00-01-17.7.11	S	SB IV	
Eupa_00-01-17.7	Eupa_00-01-17.7.22	S	IV	SB
Eupa_00-01-17.12	Eupa_00-01-17.12.10	S	SB IV	
Eupa_00-01-17.15	Eupa_00-01-17.15.12	S	SB MD IV	
Eupa_00-01-17.16	Eupa_00-01-17.16.4	S	SB IV	
Eupa_00-01-17.31	Eupa_00-01-17.31.2	S	SB MD IV	
Eupa_00-01-17.39	Eupa_00-01-17.39.4	S	SB IV	MD
Eupa_00-01-17.41	Eupa_00-01-17.41.14	S	SB IV	
Eupa_00-01-17.61	Eupa_00-01-17.61.3	S	SB MD IV	
Eupa_00-01-17.66	Eupa_00-01-17.66.17	S	MD IV	SB
Eupa_00-01-17.84	Eupa_00-01-17.84.18	S	IV	SB
Eupa_00-01-17.88	Eupa_00-01-17.88.13	S	IV	SB
Eupa_00-01-17.96	Eupa_00-01-17.96.40	S	IV	SB
Eupa_00-01-17.98	Eupa_00-01-17.98.17	S	SB IV	
Eupa_00-01-17.99	Eupa_00-01-17.99.11	S	SB IV	
Eupa_00-01-17.159	Eupa_00-01-17.159.15	S	SB IV	
Eupa_00-01-17.159	Eupa_00-01-17.159.22	S	IV	SB
Eupa_00-01-17.168	Eupa_00-01-17.168.5	S	SB MD IV	
Eupa_00-01-17.173	Eupa_00-01-17.173.12	S	IV	SB
Eupa_00-01-17.184	Eupa_00-01-17.184.3	S	SB IV	
Eupa_00-01-17.194	Eupa_00-01-17.194.5	S	SB MD IV	
Eupa_00-01-17.201	Eupa_00-01-17.201.3	S	SB MD IV	
Eupa_00-01-17.207	Eupa_00-01-17.207.10	S	SB IV	
Eupa_00-01-17.208	Eupa_00-01-17.208.10	S	MD	MD OO SB
Eupa_00-01-17.237	Eupa_00-01-17.237.26	S	IV	SB HD MD
Eupa_00-01-17.240	Eupa_00-01-17.240.14	S	SB MD IV	
Eupa_00-01-17.243	Eupa_00-01-17.243.24	S	SP IV	SB
Eupa_00-01-17.247	Eupa_00-01-17.247.8	S	SB IV	
Eupa_00-01-17.252	Eupa_00-01-17.252.23	S	IV	SB
Eupa_00-01-17.253	Eupa_00-01-17.253.24	S	SB MD IV	
Eupa_00-01-17.253	Eupa_00-01-17.253.28	S	SB IV	
Eupa_00-01-17.270	Eupa_00-01-17.270.5	S	OO IV	HD SB
Eupa_00-01-17.272	Eupa_00-01-17.272.16	S	SB IV	MD
Eupa_00-01-17.275	Eupa_00-01-17.275.16	S	IV PL OA OO	HD
Eupa_00-01-17.308	Eupa_00-01-17.308.14	S	SB IV	
Eupa_00-01-17.311	Eupa_00-01-17.311.23	S	SB IV	
Eupa_00-01-17.342	Eupa_00-01-17.342.9	S	IV	MD HD SB
Eupa_00-01-17.362	Eupa_00-01-17.362.16	S	MD IV MD	HD SB
Eupa_00-01-17.425	Eupa_00-01-17.425.10	S	MD IV	SB HD
Eupa_00-01-17.425	Eupa_00-01-17.425.11	S	MD MD IV	SB HD
Eupa_00-01-17.434	Eupa_00-01-17.434.19	S	MD IV	SB
Eupa_00-01-17.446	Eupa_00-01-17.446.30	S	SB MD IV	
Eupa_00-01-17.448	Eupa_00-01-17.448.17	S	SB MD IV	
Eupa_00-01-17.448	Eupa_00-01-17.448.14	S	SB IV	
Eupa_00-01-17.452	Eupa_00-01-17.452.11	S	SB MD IV	
Eupa_00-01-17.452	Eupa_00-01-17.452.32	S	SB IV	
Eupa_00-01-17.455	Eupa_00-01-17.455.17	S	SB IV	
Eupa_00-01-17.485	Eupa_00-01-17.485.3	S	MD SP	HD SB
Eupa_00-01-17.506	Eupa_00-01-17.506.13	S	SB IV	MD
Eupa_00-01-17.514	Eupa_00-01-17.514.15	S	IV	SB
Eupa_00-01-17.515	Eupa_00-01-17.515.5	S	SB MD MD IV	
Eupa_00-01-17.519	Eupa_00-01-17.519.11	S	MD IV	SB
Eupa_00-01-17.526	Eupa_00-01-17.526.3	S	MD IV	SB
Eupa_00-01-17.537	Eupa_00-01-17.537.12	S	DF SB MD	
Eupa_00-01-17.565	Eupa_00-01-17.565.23	S	MD SB IV	
Eupa_00-01-17.566	Eupa_00-01-17.566.35	S	IV MD	SB
Eupa_00-01-17.572	Eupa_00-01-17.572.3	S	SP	SB HD
Eupa_00-01-17.574	Eupa_00-01-17.574.2	S	SB IV	
Eupa_00-01-17.577	Eupa_00-01-17.577.5	S	SB IV	
Eupa_00-01-17.587	Eupa_00-01-17.587.25	S	SB MD IV	
Eupa_00-01-17.587	Eupa_00-01-17.587.18	S	SB IV	
Eupa_00-01-17.587	Eupa_00-01-17.587.4	S	SB IV	
Eupa_00-01-17.588	Eupa_00-01-17.588.12	S	SB MD IV MD	
Eupa_00-01-17.618	Eupa_00-01-17.618.8	S	SB IV	MD
Eupa_00-01-17.624	Eupa_00-01-17.624.6	S	MD IV	
Eupa_00-01-17.633	Eupa_00-01-17.633.4	S	SB MD IV	
Eupa_00-01-17.645	Eupa_00-01-17.645.11	S	IV	SB
Eupa_00-01-17.695	Eupa_00-01-17.695.nt.46	S	SB IV	
Eupa_00-01-17.695	Eupa_00-01-17.695.53	S	SB IV	
Eupa_00-01-17.705	Eupa_00-01-17.705.10	S	SB MD DF IV	
Eupa_00-01-17.708	Eupa_00-01-17.708.15	S	SB MD IV	
Eupa_00-01-17.708	Eupa_00-01-17.708.29	S	OO	SB HD MD
Eupa_00-01-17.708	Eupa_00-01-17.708.27	S	MD OO	SB HD MD
Eupa_00-01-17.709	Eupa_00-01-17.709.6	S	IV	SB
Eupa_00-01-17.709	Eupa_00-01-17.709.17	S	MD SB IV	
Eupa_00-01-17.710	Eupa_00-01-17.710.2	S	MD IV	HD SB
Eupa_00-01-17.713	Eupa_00-01-17.713.5	S	MD SP	
Eupa_00-01-17.714	Eupa_00-01-17.714.13	S	SB IV DF	
Eupa_00-01-17.717	Eupa_00-01-17.717.14	S	SB MD IV PL	
Eupa_00-01-17.720	Eupa_00-01-17.720.20	S	SB IV DF	
Eupa_00-01-17.720	Eupa_00-01-17.720.27	S	DF MD SB DF	
Eupa_00-01-17.723	Eupa_00-01-17.723.22	S	SB IV	
Eupa_00-01-17.726	Eupa_00-01-17.726.26	S	SB OO IV	
Eupa_00-01-17.727	Eupa_00-01-17.727.8	S	SB MD IV	
Eupa_00-01-17.733	Eupa_00-01-17.733.2	S	SB IV	
Eupa_00-01-17.737	Eupa_00-01-17.737.2	S	SB IV	OO
Eupa_00-01-17.740	Eupa_00-01-17.740.3	S	SB MD IV	
Eupa_00-01-17.744	Eupa_00-01-17.744.11	S	SB IV	OO
Eupa_00-01-17.750	Eupa_00-01-17.750.5	S	MD IV	SB
Eupa_00-01-17.754	Eupa_00-01-17.754.13	S	IV	SB
Eupa_00-01-17.756	Eupa_00-01-17.756.11	S	SB IV	
Eupa_00-01-17.756	Eupa_00-01-17.756.nt.55	S	IV	SB
Eupa_00-01-17.793	Eupa_00-01-17.793.6	S	MD IV MD	SB
Eupa_00-01-17.796	Eupa_00-01-17.796.32	S	SB IV	
Eupa_00-01-17.798	Eupa_00-01-17.798.28	S	IV	SB
Eupa_00-01-17.801	Eupa_00-01-17.801.20	S	SB MD	
Arbt_Fackfientlig.1	Arbt_Fackfientlig.1.nt.3	S	SB OA	
Arbt_Fackfientlig.3	Arbt_Fackfientlig.3.nt.14	S	SB MD	
Arbt_Fackfientlig.3	Arbt_Fackfientlig.3.nt.12	S	SB IV	
Arbt_Polisjakt.12	Arbt_Polisjakt.12.nt.4	S	SB IV	
Arbt_Polisjakt.13	Arbt_Polisjakt.13.nt.7	S	IV	SB
Arbt_Polisjakt.14	Arbt_Polisjakt.14.nt.9	S	MD IV	
Arbt_Polisjakt.15	Arbt_Polisjakt.15.nt.14	S	SB IV	MD
Arbt_Polisjakt.18	Arbt_Polisjakt.18.nt.4	S	SB IV	
Arbt_Polisjakt.24	Arbt_Polisjakt.24.nt.12	S	SB IV	
Digi_2014-08.16	Digi_2014-08.16.3	S	SB MD OA	
Arbt_Hardkritik.10	Arbt_Hardkritik.10.nt.3	S	IV	SB
Arbt_Hardkritik.22	Arbt_Hardkritik.22.nt.19	S	SB IV	
Arbt_Hardkritik.23	Arbt_Hardkritik.23.nt.8	S	SB IV	
Arbt_Vrede.15	Arbt_Vrede.15.nt.7	S	SB IV	
Arbt_Vrede.16	Arbt_Vrede.16.nt.16	S	SB IV	
Arbt_Vrede.16	Arbt_Vrede.16.nt.10	S	IV	SB
Regr_255053.9	Regr_255053.9.5	S	IV	SB HD MD
Regr_255053.10	Regr_255053.10.16	S	SB IV	
Regr_255053.23	Regr_255053.23.10	S	IV	SB
Regr_255022.11	Regr_255022.11.18	S	OO MD	SB HD
Arbt_Folkomrostningen.2	Arbt_Folkomrostningen.2.nt.9	S	SB IV	
Arbt_Folkomrostningen.8	Arbt_Folkomrostningen.8.nt.16	S	MD IV	HD SB
Arbt_Folkomrostningen.21	Arbt_Folkomrostningen.21.nt.9	S	SB MD IV	
Regr_255856.1	Regr_255856.1.nt.8	S	SB OA MD	
Arbt_Ariel.4	Arbt_Ariel.4.nt.10	S	MD IV	SB
Arbt_Ariel.8	Arbt_Ariel.8.nt.22	S	SB IV	
Arbt_Ariel.12	Arbt_Ariel.12.nt.3	S	SB IV	
Arbt_Ariel.20	Arbt_Ariel.20.nt.3	S	IV	SB
Arbt_Ariel.28	Arbt_Ariel.28.nt.14	S	SB MD	
Arbt_Ariel.37	Arbt_Ariel.37.nt.2	S	SB MD IV	
Arbt_Ariel.38	Arbt_Ariel.38.nt.5	S	SB SP MD IV	
Arbt_Ariel.41	Arbt_Ariel.41.nt.19	S	SB MD IV	
Arbt_Ariel.47	Arbt_Ariel.47.nt.6	S	SB IV	
Digi_2015-02.18	Digi_2015-02.18.7	S	IV	SB
Arbt_Kraftigaprotester.8	Arbt_Kraftigaprotester.8.nt.10	S	SB IV	
Arbt_Kraftigaprotester.12	Arbt_Kraftigaprotester.12.nt.11	S	IV	SB
Arbt_Kraftigaprotester.22	Arbt_Kraftigaprotester.22.nt.11	S	SB IV	
Arbt_Kraftigaprotester.22	Arbt_Kraftigaprotester.22.nt.6	S	SB IV	
Arbt_Kraftigaprotester.25	Arbt_Kraftigaprotester.25.nt.16	S	SB IV	
Arbt_Kraftigaprotester.31	Arbt_Kraftigaprotester.31.nt.10	S	SB IV	
Arbt_Kraftigaprotester.33	Arbt_Kraftigaprotester.33.nt.6	S	SB IV	
Arbt_Kraftigaprotester.34	Arbt_Kraftigaprotester.34.nt.10	S	IV	SB
Arbt_Kraftigaprotester.34	Arbt_Kraftigaprotester.34.nt.4	S	SB IV	
Regr_255926.20	Regr_255926.20.14	S	OO	SB HD
Regr_255655.6	Regr_255655.6.15	S	SB IV	
Digi_2014-05.4	Digi_2014-05.4.9	S	IV	HD SB MD
Digi_2014-05.5	Digi_2014-05.5.13	S	MD OA	OO SB HD
Arbt_Flervarsel.6	Arbt_Flervarsel.6.nt.6	S	SB IV	
Arbt_Vardbolag.2	Arbt_Vardbolag.2.nt.13	S	SB IV	
Arbt_Vardbolag.5	Arbt_Vardbolag.5.nt.18	S	IV	SB
Arbt_Vardbolag.8	Arbt_Vardbolag.8.nt.9	S	MD IV	SB
Arbt_Vardbolag.8	Arbt_Vardbolag.8.nt.6	S	SB IV	
Arbt_Vardbolag.17	Arbt_Vardbolag.17.nt.18	S	IV	SB
Arbt_Spekulationer.3	Arbt_Spekulationer.3.nt.28	S	IV	SB
Arbt_Spekulationer.12	Arbt_Spekulationer.12.nt.33	S	IV	SB
Arbt_Spekulationer.14	Arbt_Spekulationer.14.nt.9	S	SB MD IV	
Arbt_Spekulationer.18	Arbt_Spekulationer.18.nt.10	S	SB IV	
Arbt_Spekulationer.21	Arbt_Spekulationer.21.nt.16	S	SB IV	
Arbt_Rwanda.6	Arbt_Rwanda.6.nt.8	S	IV	SB
Arbt_Rwanda.7	Arbt_Rwanda.7.nt.9	S	SB MD IV	
Arbt_Rwanda.7	Arbt_Rwanda.7.nt.3	S	SB IV	
Arbt_Rwanda.8	Arbt_Rwanda.8.nt.3	S	SB IV	
Arbt_Rwanda.13	Arbt_Rwanda.13.nt.4	S	SB IV	
Regr_255175.4	Regr_255175.4.22	S	IV	SB
Regr_255175.12	Regr_255175.12.8	S	IV	SB
Regr_255670.15	Regr_255670.15.17	S	IV	SB
Regr_255670.15	Regr_255670.15.8	S	IV	SB
Regr_255656.3	Regr_255656.3.4	S	IV	SB HD
Regr_255656.9	Regr_255656.9.14	S	SB IV	HD MD
Regr_255656.15	Regr_255656.15.33	S	IV	MD HD SB
Arbt_Vansterpartiets.8	Arbt_Vansterpartiets.8.nt.11	S	SB IV	
Arbt_Vansterpartiets.8	Arbt_Vansterpartiets.8.nt.7	S	SB IV	
Arbt_Vansterpartiets.9	Arbt_Vansterpartiets.9.nt.5	S	SB IV	
Arbt_Vansterpartiets.11	Arbt_Vansterpartiets.11.nt.15	S	SB MD IV	
Arbt_Vansterpartiets.14	Arbt_Vansterpartiets.14.nt.5	S	SB IV	
Arbt_Vansterpartiets.19	Arbt_Vansterpartiets.19.nt.11	S	SB IV	
Arbt_Vansterpartiets.20	Arbt_Vansterpartiets.20.nt.4	S	IV	SB
Arbt_Vansterpartiets.36	Arbt_Vansterpartiets.36.nt.3	S	SB IV	
Regr_255193.3	Regr_255193.3.16	S	IV	MD HD MD SB
Regr_255193.3	Regr_255193.3.21	S	IV	MD HD MD SB
Regr_255706.18	Regr_255706.18.6	S	SB IV	HD
Regr_255706.18	Regr_255706.18.5	S	SB IV	HD
Digi_2014-11.16	Digi_2014-11.16.4	S	SB OO MD	
Digi_2014-11.20	Digi_2014-11.20.9	S	SB IV	
Digi_2014-11.26	Digi_2014-11.26.9	S	SP	SB HD
Regr_255346.1	Regr_255346.1.3	S	SB SP MD	
Regr_255346.9	Regr_255346.9.10	S	IV	SB HD
Regr_255346.9	Regr_255346.9.8	S	IV	HD SB
Regr_255855.7	Regr_255855.7.5	S	SB MD IV	
Regr_254981.2	Regr_254981.2.22	S	IV	SB HD
Regr_254842.20	Regr_254842.20.10	S	IV	SB
Arbt_Smutsigvalkampanj.6	Arbt_Smutsigvalkampanj.6.nt.13	S	MD IV	SB
Arbt_Smutsigvalkampanj.8	Arbt_Smutsigvalkampanj.8.nt.8	S	SB IV	
Arbt_Smutsigvalkampanj.13	Arbt_Smutsigvalkampanj.13.nt.2	S	SB MD IV	
Arbt_Smutsigvalkampanj.14	Arbt_Smutsigvalkampanj.14.nt.17	S	MD IV	SB
Arbt_Smutsigvalkampanj.18	Arbt_Smutsigvalkampanj.18.nt.14	S	SB IV	
Arbt_Smutsigvalkampanj.20	Arbt_Smutsigvalkampanj.20.nt.5	S	MD SP	SB HD EF
Arbt_Smutsigvalkampanj.29	Arbt_Smutsigvalkampanj.29.nt.14	S	IV	SB
Arbt_Smutsigvalkampanj.30	Arbt_Smutsigvalkampanj.30.nt.1	S	SB MD IV	
Arbt_Smutsigvalkampanj.31	Arbt_Smutsigvalkampanj.31.nt.2	S	SB IV	
Arbt_Olagligjakt.7	Arbt_Olagligjakt.7.nt.20	S	IV	SB
Arbt_Olagligjakt.10	Arbt_Olagligjakt.10.nt.9	S	SB IV	
Arbt_Olagligjakt.11	Arbt_Olagligjakt.11.nt.11	S	SB MD	
Arbt_Olagligjakt.18	Arbt_Olagligjakt.18.nt.10	S	SB MD IV	MD
Arbt_Olagligjakt.20	Arbt_Olagligjakt.20.nt.16	S	MD IV	SB
Arbt_Olagligjakt.20	Arbt_Olagligjakt.20.nt.6	S	MD IV	SB
Arbt_Olagligjakt.22	Arbt_Olagligjakt.22.nt.14	S	SB IV	
Arbt_Olagligjakt.22	Arbt_Olagligjakt.22.nt.12	S	SB IV	
Arbt_Olagligjakt.22	Arbt_Olagligjakt.22.nt.2	S	SB IV	
Arbt_Olagligjakt.24	Arbt_Olagligjakt.24.nt.3	S	IV	SB
Arbt_Olagligjakt.28	Arbt_Olagligjakt.28.nt.15	S	SB IV MD	
Arbt_Olagligjakt.30	Arbt_Olagligjakt.30.nt.18	S	SB IV	
Arbt_Iandrahand.6	Arbt_Iandrahand.6.nt.9	S	SB IV	
Arbt_Iandrahand.15	Arbt_Iandrahand.15.nt.23	S	IV	MD SB HD
Arbt_Iandrahand.21	Arbt_Iandrahand.21.nt.8	S	SB IV	
Arbt_Iandrahand.26	Arbt_Iandrahand.26.nt.10	S	SB MD	
Arbt_Hokarangenbor.3	Arbt_Hokarangenbor.3.nt.10	S	IV	SB
Arbt_Hokarangenbor.12	Arbt_Hokarangenbor.12.nt.4	S	SB IV	
Arbt_Hokarangenbor.16	Arbt_Hokarangenbor.16.nt.10	S	SB IV	
Regr_254797.17	Regr_254797.17.6	S	SB IV	HD
Regr_255566.10	Regr_255566.10.3	S	SB IV	
Arbt_Barnen.3	Arbt_Barnen.3.nt.4	S	IV	SB
Arbt_Barnen.6	Arbt_Barnen.6.14	S	SB MD	
Arbt_Barnen.16	Arbt_Barnen.16.nt.8	S	SB MD	
Arbt_Barnen.16	Arbt_Barnen.16.nt.5	S	SB RA SP IV	
Arbt_Barnen.18	Arbt_Barnen.18.nt.14	S	SB IV	MD HD
Arbt_Barnen.18	Arbt_Barnen.18.nt.11	S	SB IV	MD
Arbt_Riskerna.4	Arbt_Riskerna.4.nt.16	S	SB IV	
Arbt_Riskerna.4	Arbt_Riskerna.4.nt.4	S	SB MD	
Arbt_Riskerna.11	Arbt_Riskerna.11.nt.1	S	SB IV	
Arbt_Riskerna.15	Arbt_Riskerna.15.nt.6	S	IV	SB
Romn_Lundqvist-Ingentobak.47	Romn_Lundqvist-Ingentobak.47.7	S	SB OO	HD
Romn_Lundqvist-Ingentobak.60	Romn_Lundqvist-Ingentobak.60.10	S	DF MD MD OO	
Romn_Lundqvist-Ingentobak.75	Romn_Lundqvist-Ingentobak.75.16	S	IV	SB
Romn_Lundqvist-Ingentobak.75	Romn_Lundqvist-Ingentobak.75.17	S	IV	SB
Romn_Lundqvist-Ingentobak.82	Romn_Lundqvist-Ingentobak.82.12	S	SB IV	
Romn_Lundqvist-Ingentobak.82	Romn_Lundqvist-Ingentobak.82.9	S	SB IV	
Romn_Lundqvist-Ingentobak.123	Romn_Lundqvist-Ingentobak.123.6	S	SB IV	
Romn_Lundqvist-Ingentobak.135	Romn_Lundqvist-Ingentobak.135.5	S	IV	HD SB
Romn_Lundqvist-Ingentobak.167	Romn_Lundqvist-Ingentobak.167.18	S	IV	MD HD SB
Romn_Lundqvist-Ingentobak.200	Romn_Lundqvist-Ingentobak.200.7	S	SB IV	
Romn_Lundqvist-Ingentobak.223	Romn_Lundqvist-Ingentobak.223.11	S	SB MD IV	RA
Romn_Lundqvist-Ingentobak.299	Romn_Lundqvist-Ingentobak.299.5	S	SB SP	HD
Romn_Lundqvist-Ingentobak.299	Romn_Lundqvist-Ingentobak.299.7	S	SB SP	HD
Romn_Lundqvist-Ingentobak.302	Romn_Lundqvist-Ingentobak.302.13	S	SB IV	
Romn_Lundqvist-Ingentobak.304	Romn_Lundqvist-Ingentobak.304.4	S	MD SB	OO HD
Romn_Lundqvist-Ingentobak.311	Romn_Lundqvist-Ingentobak.311.4	S	DF MD SP	
Romn_Lundqvist-Ingentobak.356	Romn_Lundqvist-Ingentobak.356.17	S	SB MD IV	
Romn_Lundqvist-Ingentobak.356	Romn_Lundqvist-Ingentobak.356.18	S	IV	SB
Romn_Lundqvist-Ingentobak.358	Romn_Lundqvist-Ingentobak.358.26	S	IV	SB
Romn_Lundqvist-Ingentobak.358	Romn_Lundqvist-Ingentobak.358.27	S	IV	SB
Romn_Lundqvist-Ingentobak.368	Romn_Lundqvist-Ingentobak.368.11	S	SB IV	
Romn_Bjelvehammar-TageBengtsson.29	Romn_Bjelvehammar-TageBengtsson.29.4	S	OO MD	HD SB
Romn_Bjelvehammar-TageBengtsson.42	Romn_Bjelvehammar-TageBengtsson.42.7	S	SB OO	SB
Romn_Bjelvehammar-TageBengtsson.46	Romn_Bjelvehammar-TageBengtsson.46.14	S	OO	SB HD
Romn_Bjelvehammar-TageBengtsson.70	Romn_Bjelvehammar-TageBengtsson.70.3	S	MD MD SP	SB HD
Romn_Bjelvehammar-TageBengtsson.113	Romn_Bjelvehammar-TageBengtsson.113.11	S	SP	SB MD MD HD
Romn_Bjelvehammar-TageBengtsson.126	Romn_Bjelvehammar-TageBengtsson.126.13	S	IV	SB MD HD
Romn_Bjelvehammar-TageBengtsson.152	Romn_Bjelvehammar-TageBengtsson.152.9	S	MD MD OO	SB SB
Romn_Bjelvehammar-TageBengtsson.173	Romn_Bjelvehammar-TageBengtsson.173.21	S	MD	SB HD MD OO MD
Romn_Bjelvehammar-TageBengtsson.174	Romn_Bjelvehammar-TageBengtsson.174.14	S	OA	SB HD
Romn_Bjelvehammar-TageBengtsson.224	Romn_Bjelvehammar-TageBengtsson.224.11	S	MD OO	HD SB
Romn_Holmsen-Polynesiskpassad.25	Romn_Holmsen-Polynesiskpassad.25.21	S	SB IV	
Romn_Holmsen-Polynesiskpassad.43	Romn_Holmsen-Polynesiskpassad.43.3	S	IV	SB
Romn_Holmsen-Polynesiskpassad.56	Romn_Holmsen-Polynesiskpassad.56.4	S	SB IV	
Romn_Holmsen-Polynesiskpassad.112	Romn_Holmsen-Polynesiskpassad.112.7	S	SB IV	
Romn_Holmsen-Polynesiskpassad.116	Romn_Holmsen-Polynesiskpassad.116.11	S	OO	HD
Romn_Holmsen-Polynesiskpassad.147	Romn_Holmsen-Polynesiskpassad.147.9	S	SB IV	
Romn_Holmsen-Polynesiskpassad.150	Romn_Holmsen-Polynesiskpassad.150.4	S	IV	SB HD
Romn_Holmsen-Polynesiskpassad.151	Romn_Holmsen-Polynesiskpassad.151.3	S	MD	SB RA HD MD
Romn_Holmsen-Polynesiskpassad.167	Romn_Holmsen-Polynesiskpassad.167.3	S	IV	SB
Romn_Holmsen-Polynesiskpassad.183	Romn_Holmsen-Polynesiskpassad.183.2	S	SB IV	
Romn_Holmsen-Polynesiskpassad.186	Romn_Holmsen-Polynesiskpassad.186.10	S	IV	HD SB
Romn_Holmsen-Polynesiskpassad.204	Romn_Holmsen-Polynesiskpassad.204.21	S	SB IV	
Romn_Holmsen-Polynesiskpassad.235	Romn_Holmsen-Polynesiskpassad.235.5	S	SB IV	
Romn_Holmsen-Polynesiskpassad.239	Romn_Holmsen-Polynesiskpassad.239.2	S	MD	HD RA SB
Romn_Holmsen-Polynesiskpassad.289	Romn_Holmsen-Polynesiskpassad.289.13	S	SB IV	
Romn_Holmsen-Polynesiskpassad.289	Romn_Holmsen-Polynesiskpassad.289.7	S	SB IV	
Romn_Holmsen-Polynesiskpassad.290	Romn_Holmsen-Polynesiskpassad.290.4	S	IV	HD SB
Romn_Holmsen-Polynesiskpassad.307	Romn_Holmsen-Polynesiskpassad.307.5	S	MD SP	HD SB
Romn_Holmsen-Polynesiskpassad.361	Romn_Holmsen-Polynesiskpassad.361.3	S	SB IV	
Romn_Holmsen-Polynesiskpassad.384	Romn_Holmsen-Polynesiskpassad.384.10	S	SB IV	
Romn_Holmsen-Polynesiskpassad.398	Romn_Holmsen-Polynesiskpassad.398.3	S	SB MD IV	
Romn_Holmsen-Polynesiskpassad.401	Romn_Holmsen-Polynesiskpassad.401.11	S	SB IV	
Romn_Strand-Pagarna.68	Romn_Strand-Pagarna.68.4	S	SB IV	
Romn_Strand-Pagarna.68	Romn_Strand-Pagarna.68.2	S	IV	SB
Romn_Strand-Pagarna.85	Romn_Strand-Pagarna.85.11	S	SB RA	HD RA
Romn_Strand-Pagarna.85	Romn_Strand-Pagarna.85.9	S	SB RA	HD RA
Romn_Strand-Pagarna.85	Romn_Strand-Pagarna.85.5	S	SB RA	HD RA
Romn_Strand-Pagarna.85	Romn_Strand-Pagarna.85.3	S	SB RA	HD RA
Romn_Strand-Pagarna.85	Romn_Strand-Pagarna.85.13	S	SB	HD RA
Romn_Strand-Pagarna.87	Romn_Strand-Pagarna.87.6	S	IV	SB
Romn_Strand-Pagarna.92	Romn_Strand-Pagarna.92.4	S	IV	SB
Romn_Strand-Pagarna.96	Romn_Strand-Pagarna.96.9	S	IV	MD SB HD
Romn_Strand-Pagarna.104	Romn_Strand-Pagarna.104.8	S	IV	HD SB
Romn_Strand-Pagarna.116	Romn_Strand-Pagarna.116.10	S	IV	MD SB HD
Romn_Strand-Pagarna.118	Romn_Strand-Pagarna.118.8	S	SB IV	
Romn_Strand-Pagarna.120	Romn_Strand-Pagarna.120.8	S	IV	HD SB
Romn_Strand-Pagarna.160	Romn_Strand-Pagarna.160.5	S	SB MD IV	
Romn_Strand-Pagarna.166	Romn_Strand-Pagarna.166.11	S	SB IV	
Romn_Strand-Pagarna.172	Romn_Strand-Pagarna.172.8	S	OA	MD HD SB
Romn_Strand-Pagarna.179	Romn_Strand-Pagarna.179.5	S	SB IV	
Romn_Strand-Pagarna.188	Romn_Strand-Pagarna.188.2	S	OO RA	SB HD
Romn_Strand-Pagarna.197	Romn_Strand-Pagarna.197.nt.18	S	SB DF	
Romn_Strand-Pagarna.198	Romn_Strand-Pagarna.198.7	S	MD IV	HD SB
Romn_Strand-Pagarna.207	Romn_Strand-Pagarna.207.15	S	MD SB	PL HD
Romn_Strand-Pagarna.207c	Romn_Strand-Pagarna.207c.3	S	MD OO	SB HD
Romn_Strand-Pagarna.223	Romn_Strand-Pagarna.223.5	S	IV	SB
Romn_Strand-Pagarna.261	Romn_Strand-Pagarna.261.5	S	IV MD	HD SB
Romn_Strand-Pagarna.269	Romn_Strand-Pagarna.269.6	S	SB IV	OO
Romn_Strand-Pagarna.295	Romn_Strand-Pagarna.295.16	S	MD IV	HD SB
Romn_Strand-Pagarna.301	Romn_Strand-Pagarna.301.9	S	MD IV	HD SB
Romn_Strand-Pagarna.302	Romn_Strand-Pagarna.302.8	S	IV	HD SB MD
Romn_Strand-Pagarna.383	Romn_Strand-Pagarna.383.5	S	IV	HD SB OO
Romn_Strand-Pagarna.418	Romn_Strand-Pagarna.418.11	S	SB IV	
Romn_Strand-Pagarna.421b	Romn_Strand-Pagarna.421b.nt.5	S	SB MD IV	
Romn_Strand-Pagarna.427	Romn_Strand-Pagarna.427.15	S	MD SB OO	HD MD
Romn_Strand-Pagarna.429	Romn_Strand-Pagarna.429.3	S	MD IV	SB
Romn_Strand-Pagarna.445	Romn_Strand-Pagarna.445.7	S	SB IV	
Romn_Strand-Pagarna.457	Romn_Strand-Pagarna.457.14	S	SB MD IV	
Romn_Strand-Pagarna.462	Romn_Strand-Pagarna.462.8	S	SB IV	
Wiki_Asterix.14	Wiki_Asterix.14.8	S	IV	SB
Wiki_Asterix.25	Wiki_Asterix.25.29	S	IV	SB
Wiki_Asterix.27	Wiki_Asterix.27.1	S	SB IV	
Wiki_Asterix.28	Wiki_Asterix.28.3	S	SB IV	
Wiki_Asterix.40	Wiki_Asterix.40.9	S	MD OO	SB HD
Wiki_Asterix.44	Wiki_Asterix.44.12	S	MD SP	HD SB
Wiki_Asterix.47	Wiki_Asterix.47.17	S	IV	SB
Wiki_Asterix.79	Wiki_Asterix.79.7	S	SB MD IV	
Wiki_Asterix.82	Wiki_Asterix.82.6	S	SB IV	
Wiki_Asterix.90	Wiki_Asterix.90.8	S	MD IV	SB
Wiki_Hastighetsmatare.8	Wiki_Hastighetsmatare.8.16	S	IV	HD SB
Wiki_HarryPotter.34	Wiki_HarryPotter.34.9	S	PL OA MD	HD
Wiki_HarryPotter.35	Wiki_HarryPotter.35.4	S	SB SP	HD
Wiki_HarryPotter.97	Wiki_HarryPotter.97.1	S	MD SB SP	
Wiki_HarryPotter.113	Wiki_HarryPotter.113.11	S	SB MD IV	
Wiki_HarryPotter.113	Wiki_HarryPotter.113.5	S	SB IV	
Wiki_HarryPotter.115	Wiki_HarryPotter.115.6	S	SB IV	
Wiki_HarryPotter.117	Wiki_HarryPotter.117.3	S	SB MD IV	
Wiki_Saganomringenfilm.8	Wiki_Saganomringenfilm.8.8	S	SB MD	HD
Wiki_Saganomringenfilm.8	Wiki_Saganomringenfilm.8.10	S	SB OA	HD
Wiki_Saganomringenfilm.24	Wiki_Saganomringenfilm.24.4	S	IV	SB
Wiki_Saganomringenfilm.53	Wiki_Saganomringenfilm.53.4	S	SB IV	
Wiki_Saganomringenfilm.56	Wiki_Saganomringenfilm.56.4	S	SB IV	MD
Wiki_Saganomringenfilm.63	Wiki_Saganomringenfilm.63.8	S	IV	SB HD
Wiki_Semester.14	Wiki_Semester.14.4	S	SB MD	HD
Wiki_VascodaGama.16	Wiki_VascodaGama.16.22	S	SB IV	
Wiki_VascodaGama.23	Wiki_VascodaGama.23.23	S	SB IV	
Wiki_VascodaGama.23	Wiki_VascodaGama.23.22	S	IV	SB
Wiki_VascodaGama.25	Wiki_VascodaGama.25.10	S	RA IV DF	HD SB
Wiki_VascodaGama.26	Wiki_VascodaGama.26.19	S	IV	SB
Wiki_VascodaGama.26	Wiki_VascodaGama.26.14	S	IV	SB
Wiki_VascodaGama.30	Wiki_VascodaGama.30.4	S	SB IV	
Wiki_VascodaGama.33	Wiki_VascodaGama.33.18	S	IV	SB HD RA
Wiki_VascodaGama.48	Wiki_VascodaGama.48.6	S	SB IV	
Wiki_VascodaGama.56	Wiki_VascodaGama.56.23	S	SB IV	
Wiki_VascodaGama.70	Wiki_VascodaGama.70.13	S	SB IV	MD
Wiki_VascodaGama.74	Wiki_VascodaGama.74.3	S	SB IV	
Wiki_Symaskin.6	Wiki_Symaskin.6.12	S	IV	SB MD HD
Wiki_Symaskin.15	Wiki_Symaskin.15.11	S	SP	HD SB
Wiki_Symaskin.19	Wiki_Symaskin.19.18	S	SB	MD HD
Wiki_Symaskin.37	Wiki_Symaskin.37.25	S	MD IV	SB
Wiki_Symaskin.45	Wiki_Symaskin.45.13	S	MD IV	SB
Wiki_Symaskin.57	Wiki_Symaskin.57.14	S	MD MD IV	SB
Wiki_Vader.16	Wiki_Vader.16.11	S	IV	MD HD SB
Wiki_Vader.33	Wiki_Vader.33.9	S	MD OA	SB HD
Wiki_Vader.47	Wiki_Vader.47.4	S	RA SB	
Wiki_Vader.130	Wiki_Vader.130.4	S	SB IV	MD
Wiki_Vader.156	Wiki_Vader.156.24	S	IV	SB
Wiki_Vader.156	Wiki_Vader.156.22	S	IV	SB
Wiki_Vader.177	Wiki_Vader.177.7	S	SB IV	
Wiki_Vader.182	Wiki_Vader.182.9	S	SB IV	
Wiki_Vader.192	Wiki_Vader.192.11	S	SB IV	MD
Wiki_Vader.194	Wiki_Vader.194.19	S	IV	SB
Wiki_AlexanderFleming.16	Wiki_AlexanderFleming.16.7	S	SB IV	MD
Wiki_AlexanderFleming.16	Wiki_AlexanderFleming.16.2	S	SB IV	
Wiki_AlexanderFleming.20	Wiki_AlexanderFleming.20.14	S	SB IV	
Wiki_AlexanderFleming.22	Wiki_AlexanderFleming.22.nt.18	S	SB MD	OO PL MD HD MD
Wiki_MiominMio.12	Wiki_MiominMio.12.3	S	SB MD IV	
Wiki_MiominMio.21	Wiki_MiominMio.21.4	S	SB IV	
Wiki_MiominMio.26	Wiki_MiominMio.26.2	S	SP	SB HD
Wiki_MiominMio.82	Wiki_MiominMio.82.5	S	SP	HD SB
Wiki_MiominMio.100	Wiki_MiominMio.100.8	S	IV	SB HD
Wiki_MiominMio.159	Wiki_MiominMio.159.6	S	SB MD IV	
Wiki_MiominMio.165	Wiki_MiominMio.165.4	S	MD MD	HD SB
Wiki_Jonssonligan.22	Wiki_Jonssonligan.22.17	S	SB IV	
Wiki_Jonssonligan.30	Wiki_Jonssonligan.30.3	S	RA IV	HD SB
Wiki_Jonssonligan.31	Wiki_Jonssonligan.31.6	S	RA SB	HD OO
Wiki_Jonssonligan.38	Wiki_Jonssonligan.38.10	S	SB MD	HD MD
Wiki_Sverigesriksdag.73	Wiki_Sverigesriksdag.73.12	S	MD MD	SB HD
Wiki_Sverigesriksdag.79	Wiki_Sverigesriksdag.79.9	S	IV	SB MD HD
Eupa_00-01-17.413	Eupa_00-01-17.413.30	SuP	MD OO	
Eupa_00-01-17.491	Eupa_00-01-17.491.26	SuP	OO	HD
Arbt_Hardkritik.13	Arbt_Hardkritik.13.nt.5	SuP	MD OO	
Arbt_Ariel.19	Arbt_Ariel.19.4	SuP	OO	HD
Arbt_Smutsigvalkampanj.10	Arbt_Smutsigvalkampanj.10.nt.15	SuP	OO	HD
Regr_254797.6	Regr_254797.6.16	SuP	OO	PH
Regr_254797.17	Regr_254797.17.12	SuP	OO	HD
Romn_Bjelvehammar-TageBengtsson.201	Romn_Bjelvehammar-TageBengtsson.201.14	SuP	DF MD OO	HD
Wiki_VascodaGama.4	Wiki_VascodaGama.4.38	SuP	PH OO	
Wiki_Vader.178	Wiki_Vader.178.20	SuP	OO	HD
Wiki_Sverigesriksdag.82	Wiki_Sverigesriksdag.82.10	SuP	OO	HD
Blog_160886-11338497.1a	Blog_160886-11338497.1.5	VP	PL RA	SB HD
Blog_13263-1216693.2	Blog_13263-1216693.2.10	VP	IV	HD
Blog_265827-14454804.7	Blog_265827-14454804.7.11	VP	OO	SB HD
Blog_5089-9240616.37	Blog_5089-9240616.37.13	VP	MD MD	MD SB HD OO
Blog_54523-6490319.2	Blog_54523-6490319.2.54	VP	MD RA	HD
Eupa_00-01-17.270	Eupa_00-01-17.270.21	VP	RA	HD SB
Eupa_00-01-17.362	Eupa_00-01-17.362.nt.18	VP	OO	HD
Eupa_00-01-17.536	Eupa_00-01-17.536.11	VP	MD OA	HD
Eupa_00-01-17.552	Eupa_00-01-17.552.14	VP	MD MD OO	HD
Eupa_00-01-17.616	Eupa_00-01-17.616.16	VP	MD MD OO	SB HD
Eupa_00-01-17.706	Eupa_00-01-17.706.21	VP	MD	OO HD
Eupa_00-01-17.708	Eupa_00-01-17.708.31	VP	MD OO MD	SB
Eupa_00-01-17.710	Eupa_00-01-17.710.6	VP	IV	SB HD
Eupa_00-01-17.714	Eupa_00-01-17.714.23	VP	MD MD	HD OO
Arbt_Rwanda.18	Arbt_Rwanda.18.nt.2	VP	MD MD OO MD	
Regr_254797.17	Regr_254797.17.5	VP	OO MD	SB HD
Romn_Lundqvist-Ingentobak.43	Romn_Lundqvist-Ingentobak.43.3	VP	IV	SB
Romn_Lundqvist-Ingentobak.53	Romn_Lundqvist-Ingentobak.53.9	VP	MD MD	OO SB HD
Romn_Lundqvist-Ingentobak.210	Romn_Lundqvist-Ingentobak.210.2	VP	IV	SB
Romn_Strand-Pagarna.429	Romn_Strand-Pagarna.429.11	VP	IV	HD SB
Romn_Strand-Pagarna.429	Romn_Strand-Pagarna.429.10	VP	OA	HD SB
Wiki_Semester.3	Wiki_Semester.3.15	VP	OO	SB HD
Wiki_VascodaGama.25	Wiki_VascodaGama.25.14	VP	RA	OO HD SB
Wiki_Symaskin.58	Wiki_Symaskin.58.11	VP	MD	HD SB
Wiki_Jonssonligan.30	Wiki_Jonssonligan.30.10	VP	ES	SB HD
